"","aerial","carpel","dark","flower","leaf","light","pollen","RAM","receptacle","root","SAM"
"AT2G24220",2.50571428571429,3.08,3.37571428571429,2.53,4.20916666666667,5.28755555555556,3.745,5.19,5.35111111111111,4.94285714285714,5.2625
"AT1G67440",7.86428571428571,8.22,9.38142857142857,9.62666666666667,11.2733333333333,11.238,10.255,12.48,12.8477777777778,12.8785714285714,12.4325
"AT2G16070",11.5914285714286,11.995,13.52,11.9433333333333,17.3079166666667,19.6988888888889,16.225,18.8766666666667,20.0022222222222,19.7457142857143,19.555
"AT4G04880",5.50714285714286,5.93,6.61,5.94,9.27541666666667,10.2106666666667,6.995,10.14,11.55,11.3057142857143,11.4675
"AT2G41720",8.25428571428571,9.355,8.84857142857143,9.36333333333333,11.7266666666667,13.7104444444444,9.195,10.9766666666667,14.2733333333333,14.2214285714286,13.99
"AT3G25670",0.828571428571429,0.915,1.65571428571429,1.05,2.18125,1.85977777777778,1.995,2.49333333333333,2.54666666666667,2.52,2.855
"AT2G36630",6.87857142857143,11.51,8.05,7.02666666666667,8.97708333333333,11.6555555555556,8.685,9.93,13.1844444444444,12.8371428571429,13.005
"AT4G19095",0.85,1.045,1.82,1.10666666666667,2.43083333333333,2.64533333333333,1.59,3.40333333333333,2.98222222222222,2.68142857142857,3.645
"AT1G60230",11.3228571428571,11.51,11.4242857142857,11.84,12.7116666666667,13.8604444444444,13.875,11.78,14.9811111111111,15.2428571428571,15.345
"AT1G15050",0.372857142857143,0.39,1.47285714285714,0.43,1.43125,0.979333333333333,2.325,3.30333333333333,2.32444444444444,2.31857142857143,3.3
"AT2G46090",12.7857142857143,13.825,12.8771428571429,13.5033333333333,17.7125,18.9371111111111,14.125,17.54,19.5666666666667,19.3885714285714,20.0375
"AT5G37890",5.29428571428571,5.31,5.47142857142857,5.45333333333333,7.25708333333333,7.10644444444444,5.465,7.56333333333333,6.35333333333333,6.91285714285714,7.0525
"AT4G21750",16.8342857142857,21.455,22.9414285714286,18.98,26.97125,27.6637777777778,28.505,28.3966666666667,24.3166666666667,22.2914285714286,23.5725
"AT2G46810",5.76285714285714,6.465,8.81142857142857,6.62666666666667,9.32916666666667,9.10688888888889,12.34,12.1733333333333,9.59777777777778,9.18285714285714,11.4925
"AT2G23180",1.50142857142857,2.02,2.03714285714286,1.81333333333333,2.91708333333333,4.04777777777778,2.33,2.8,3.16555555555556,3.29285714285714,3.3325
"AT3G16175",1.17857142857143,1.665,1.37571428571429,1.24666666666667,2.1925,2.38311111111111,1.26,1.54333333333333,2.46888888888889,2.31714285714286,2.325
"AT1G16825",6.26,6.435,7.57285714285714,6.99,9.90291666666667,10.5555555555556,7.325,10.4566666666667,8.30666666666667,7.24428571428571,6.645
"AT1G68890",8.65714285714286,10.77,9.58142857142857,8.82,10.8275,14.164,11.695,10.95,13.5188888888889,13.0942857142857,14.6075
"AT1G74370",8.71714285714286,12.255,11.6014285714286,8.88,13.4745833333333,16.2102222222222,13.285,18.1333333333333,19.7166666666667,17.9657142857143,19.7125
"AT2G39190",21.3271428571429,22.77,23.7685714285714,21.75,24.8108333333333,28.9951111111111,29.735,27.2233333333333,31.5511111111111,29.6471428571429,31.385
"AT1G55200",1.51857142857143,1.585,2.11571428571429,1.77333333333333,4.03708333333333,3.614,2.785,2.82666666666667,2.2,2.26857142857143,3.1225
"AT3G25905",0.934285714285714,0.94,1.27285714285714,0.963333333333333,2.86333333333333,2.43933333333333,1.46,2.56333333333333,1.66,1.75857142857143,1.9125
"AT1G26180",9.52714285714286,11.12,12.4457142857143,10.59,14.1254166666667,17.7664444444444,14.17,18.37,17.3233333333333,15.9371428571429,15.4875
"AT1G05230",5.67714285714286,5.955,7.04428571428571,6.27,7.61291666666667,8.77066666666667,9.91,7.48,8.35777777777778,8.30714285714286,8.1875
"AT2G38330",11.6728571428571,13.52,13.7414285714286,12.2033333333333,14.2129166666667,17.47,17.3,16.5933333333333,20.6433333333333,19.8171428571429,20.1575
"AT3G17668",6.71285714285714,6.97,7.03857142857143,6.91,9.99166666666667,9.71688888888889,6.985,9.56333333333333,7.67888888888889,7.32714285714286,7.2975
"AT2G19910",0.591428571428571,0.72,0.935714285714286,0.683333333333333,2.62083333333333,2.80955555555556,1.28,1.33,1.3,1.40571428571429,2.105
"AT1G22250",4.33142857142857,4.71,7.11428571428571,5.65333333333333,8.07875,8.28244444444444,7.97,9.54333333333333,6.78444444444444,6.12285714285714,6.62
"AT4G40045",18.02,22.5,20.7285714285714,19.6033333333333,20.4616666666667,26.7004444444444,20.705,25.67,25.9577777777778,24.2085714285714,23.6025
"AT4G16160",0.228571428571429,0.305,0.798571428571429,0.33,1.00583333333333,1.41333333333333,1.565,1.53333333333333,0.47,0.394285714285714,0.585
"AT3G03090",4.80428571428571,6.365,7.47285714285714,5.27,9.01541666666667,10.4664444444444,8.86,11.1266666666667,8.77333333333333,7.54285714285714,7.435
"AT1G51500",22.2985714285714,31.7,29.6228571428571,24.24,34.18875,45.2844444444444,33.035,35.4833333333333,50.5211111111111,50.6442857142857,51.0925
"AT3G19810",16.2528571428571,22.715,16.32,16.5833333333333,23.4945833333333,24.2375555555556,16.83,19.5133333333333,31.11,31.25,30.225
"AT1G14920",15.9814285714286,19.265,18.0957142857143,17.7433333333333,21.0441666666667,22.9395555555556,20.535,23.71,24.7911111111111,21.9185714285714,23.3125
"AT1G74170",3.37285714285714,3.53,4.19714285714286,3.40333333333333,4.29416666666667,4.98422222222222,5.05,6.34,5.03111111111111,4.65285714285714,5.0225
"AT3G26744",19.6485714285714,21.79,24.5514285714286,25.1566666666667,24.8754166666667,28.6508888888889,23.24,28.79,24.2744444444444,23.3885714285714,26.3875
"AT2G36835",40.8457142857143,41.52,48.1785714285714,44.1066666666667,52.2629166666667,65.3928888888889,53.33,64.5833333333333,66.9844444444444,66.7428571428571,55.54
"AT5G10320",4.46714285714286,4.95,4.69,4.87666666666667,6.06291666666667,5.64177777777778,4.955,6.46666666666667,5.20111111111111,4.96857142857143,5.315
"AT1G03120",0.411428571428571,0.435,1.18571428571429,0.533333333333333,1.67166666666667,1.55644444444444,1.36,2.31333333333333,1.04222222222222,0.771428571428571,1.17
"AT1G77122",13.7742857142857,16.12,15.3228571428571,14.0333333333333,15.7075,17.1368888888889,19.69,16.9233333333333,19.1233333333333,19.5285714285714,20.87
"AT3G62000",7.20857142857143,7.605,7.53571428571429,8.13333333333333,8.41291666666667,8.77,7.495,9.67333333333333,10.3011111111111,10.4514285714286,11.61
"AT1G51570",27.9285714285714,29.475,34.0471428571429,31.7666666666667,42.7179166666667,45.68,36.155,45.4233333333333,41.2244444444444,39.5028571428571,42.39
"AT4G13670",30.54,32.2,38.54,33.03,37.8945833333333,39.3184444444444,51.82,42.08,52.4333333333333,50.7485714285714,49.55
"AT1G74960",43.1771428571429,43.345,44.5942857142857,50.7066666666667,56.60875,56.0317777777778,44.415,52.5333333333333,58.1855555555556,56.3242857142857,56.0425
"AT1G33475",1.58714285714286,1.61,1.95714285714286,1.66,1.80708333333333,2.43622222222222,2.565,3.27333333333333,2.49888888888889,2.43714285714286,2.01
"AT1G53250",6.69,6.925,12.0871428571429,6.84666666666667,9.61791666666667,9.04288888888889,19.065,19.0866666666667,9.95888888888889,8.55142857142857,11
"AT4G18370",17.0442857142857,25.01,19.8857142857143,17.1033333333333,27.5070833333333,29.1364444444444,22.135,26.1466666666667,45.3777777777778,45.1742857142857,42.2575
"AT3G15900",17.3457142857143,18.23,30.0457142857143,17.9666666666667,21.4225,29.5204444444444,43.32,43.2666666666667,32.79,26.9671428571429,24.3
"AT4G01995",13.8657142857143,17.38,14.06,15.3666666666667,15.7733333333333,17.3173333333333,14.925,14.2533333333333,25.1166666666667,24.3014285714286,23.745
"AT3G48590",18.9028571428571,19.945,20.4071428571429,19.4933333333333,21.2754166666667,27.3153333333333,20.99,25.0133333333333,26.5322222222222,23.9071428571429,23.375
"AT4G00250",0.23,0.27,0.964285714285714,0.26,0.567916666666667,0.528,1.705,1.89333333333333,0.672222222222222,0.481428571428571,0.8125
"AT5G25040",3.73142857142857,5.7,3.88714285714286,3.81,6.58708333333333,11.1266666666667,4.04,3.82,12.8222222222222,13.4157142857143,9.7575
"AT1G66230",3.17142857142857,3.695,3.35714285714286,3.21666666666667,5.99125,5.34066666666667,3.775,4.39,9.51777777777778,8.92142857142857,6.9625
"AT2G45270",6.34714285714286,6.565,6.67285714285714,6.92666666666667,8.21208333333333,9.32,7.175,7.49,10.7444444444444,10.75,12.1375
"AT5G22340",28.2542857142857,29.335,37.2028571428571,35.8033333333333,40.5808333333333,40.3271111111111,41.76,46.1666666666667,51.1455555555556,50.3257142857143,51.9325
"AT5G13400",7.45714285714286,9.685,10.6128571428571,7.96,11.7966666666667,15.1815555555556,13.06,13.73,12.3533333333333,10.19,9.4175
"AT1G25290",9.33714285714286,10.49,11.6057142857143,10.7866666666667,12.0779166666667,12.5611111111111,12.44,15.1066666666667,12.9022222222222,11.6814285714286,12.185
"AT4G39235",9.31571428571429,11.55,10.7857142857143,9.83,16.1408333333333,14.2713333333333,10.9,14.76,12.79,11.1228571428571,12.5375
"AT4G01935",9.22142857142857,10.175,12.6714285714286,12.2933333333333,12.9604166666667,14.7955555555556,12.335,15.7266666666667,22.4333333333333,21.5342857142857,20.8325
"AT1G66040",0.345714285714286,0.36,0.674285714285714,0.406666666666667,0.941666666666667,0.738666666666667,0.855,1.4,1.56222222222222,1.79,2.7725
"AT1G22850",54.1028571428571,61.005,62.4114285714286,63.0866666666667,60.9020833333333,71.6815555555556,67.035,61.99,96.2422222222222,91.4042857142857,96.5
"AT2G01620",12.7042857142857,14.145,16.4185714285714,13.0733333333333,16.8879166666667,22.6966666666667,21.815,25.4,24.2066666666667,22.6314285714286,20.685
"AT3G11750",4.03285714285714,5.3,6.22857142857143,4.33333333333333,4.17458333333333,4.12377777777778,8.13,9.09333333333333,6.24444444444444,5.30285714285714,5.955
"AT2G36540",0.425714285714286,0.685,1.09285714285714,0.433333333333333,0.607083333333333,0.641333333333333,1.62,2.06333333333333,1.08222222222222,0.597142857142857,1.045
"AT1G50450",19.8914285714286,25.435,24.89,20.9633333333333,24.5329166666667,28.5322222222222,31.235,30.5366666666667,33.9388888888889,30.6971428571429,32.8075
"AT4G33220",25.0428571428571,29.425,28.7528571428571,30.8533333333333,35.5133333333333,42.8946666666667,29.215,28.0466666666667,43.2577777777778,38.7371428571429,33.5825
"AT5G02710",18.03,19.955,21.1885714285714,22.4966666666667,25.69125,29.6211111111111,22.575,24.1,28.6077777777778,27.14,25.06
"AT5G16660",67.0642857142857,80.745,83.7428571428571,71.9733333333333,90.15125,91.5893333333333,85.97,121.473333333333,121.152222222222,109.005714285714,89.0175
"AT2G14285",19.1871428571429,20.155,22.68,19.5633333333333,33.1754166666667,34.7322222222222,23.615,39.0966666666667,37.6188888888889,36.2242857142857,37.03
"AT2G01320",15.7185714285714,16.9,25.5671428571429,16.8966666666667,19.5683333333333,27.1613333333333,37.225,36.85,23.4566666666667,18.18,17.005
"AT3G61028",0.35,0.46,1.99285714285714,0.476666666666667,0.785833333333333,0.589111111111111,3.41,4.03,0.983333333333333,0.384285714285714,0.4425
"AT3G54500",47.6285714285714,53.88,60.2685714285714,59.4266666666667,60.0595833333333,51.8557777777778,63.69,81.2666666666667,99.8811111111111,88.3814285714286,100.2875
"AT1G71720",18.6542857142857,22.895,24.6342857142857,21.53,25.4833333333333,28.5662222222222,29.425,32.7566666666667,32.6744444444444,30.98,34.43
"AT1G17920",1.32142857142857,1.56,1.57714285714286,1.4,3.90625,2.73711111111111,1.81,2.04666666666667,1.95888888888889,2.03571428571429,2.4275
"AT4G02725",17.13,22.105,20.5342857142857,19.14,19.7,22.6746666666667,22.11,28.0233333333333,26.9755555555556,24.85,24.58
"AT4G11960",15.9085714285714,20.775,17.1871428571429,16.44,20.9145833333333,24.098,17.51,26.3833333333333,32.6866666666667,31.4228571428571,30.98
"AT3G05410",16.7642857142857,19.995,17.3971428571429,17.46,17.5883333333333,18.1826666666667,19.67,18.82,22.81,21.6442857142857,24.0525
"AT1G73090",9.14285714285714,9.295,12.4385714285714,9.26,10.9079166666667,10.9955555555556,17.16,16.4866666666667,11.9577777777778,10.4271428571429,11.8575
"AT1G71990",2.93571428571429,2.98,4.03142857142857,2.95,5.39041666666667,5.044,4.415,7.70666666666667,5.23777777777778,4.91571428571429,4.96
"AT2G26330",14.2042857142857,15.515,26.6142857142857,15.99,33.0666666666667,32.8211111111111,38.5,39.0433333333333,24.8122222222222,21.3214285714286,26.6875
"AT2G46910",23.57,29.065,25.1457142857143,27.33,33.9791666666667,33.232,25.64,29.1933333333333,42.3877777777778,40.96,40.68
"AT1G07440",16.2814285714286,21.425,21.6828571428571,20.08,27.6758333333333,42.7744444444444,23.315,26.9233333333333,42.0955555555556,38.2885714285714,30.385
"AT3G16850",36.8742857142857,40.205,43.5185714285714,38.14,47.8891666666667,45.4326666666667,53.935,60.38,62.9844444444444,59.8485714285714,61.6225
"AT1G64355",24.1271428571429,26.95,31.21,27.53,27.71625,34.1495555555556,37.435,35.69,40.7133333333333,38.6542857142857,38.825
"AT1G16780",4.33714285714286,4.45,6.72428571428571,5.15,7.9125,8.06377777777778,8.385,10.8833333333333,7.37555555555556,6.62142857142857,7.415
"AT3G06950",9.96285714285714,11.725,10.7985714285714,11.9166666666667,10.69875,11.8713333333333,11.04,11.5433333333333,16.9577777777778,17.3285714285714,18.825
"AT2G45970",12.6828571428571,12.84,15.1742857142857,12.8333333333333,16.3220833333333,15.1451111111111,17.595,19.2766666666667,14.0433333333333,13.93,16.1825
"AT1G72640",24.9142857142857,34.285,27.6,27.0966666666667,30.635,31.8633333333333,30.705,30.2833333333333,42.1522222222222,40.4657142857143,40.515
"AT5G43850",37.9171428571429,40.62,41.5985714285714,39.2333333333333,63.9258333333333,65.1991111111111,43.5,65.1966666666667,73.4555555555555,72.7242857142857,67.95
"AT4G21510",3.51714285714286,4.025,5.85,3.86666666666667,5.87666666666667,6.59844444444444,7,9.49,6.14222222222222,5.19142857142857,6.27
"AT5G03650",24.2657142857143,25.605,27.2342857142857,24.78,32.0979166666667,30.5717777777778,35.78,31.25,37.8366666666667,36.1371428571429,39.22
"AT1G44414",0.758571428571429,0.865,1.52285714285714,1.04,0.89,1.104,1.875,2.38666666666667,0.983333333333333,0.777142857142857,0.9725
"AT5G27940",0.165714285714286,0.245,0.298571428571429,0.2,0.390833333333333,0.588444444444444,0.435,0.603333333333333,0.508888888888889,0.565714285714286,0.7225
"AT1G63680",12.4842857142857,13.145,15.1542857142857,12.9133333333333,18.7625,20.3253333333333,19.6,20.1833333333333,19.9033333333333,20.3,23.3425
"AT1G05550",0.0928571428571429,0.135,0.117142857142857,0.103333333333333,2.41583333333333,2.76222222222222,0.145,0.156666666666667,0.311111111111111,0.285714285714286,0.235
"AT2G32650",33.9242857142857,44.27,47.3942857142857,39.9833333333333,47.5283333333333,54.7628888888889,51.07,62.1,62.9177777777778,62.2957142857143,64.955
"AT3G17040",26.5485714285714,36.455,31.6271428571429,29.26,29.6354166666667,33.1251111111111,34.305,39.6433333333333,43.1955555555556,41.3071428571429,44.555
"AT3G04860",1.95857142857143,2.18,4.07428571428571,2.24666666666667,3.54208333333333,3.96977777777778,5.24,7.32666666666667,3.80111111111111,3.13714285714286,2.925
"AT3G02690",19.4871428571429,23.92,20.7842857142857,22.93,23.72375,31.9928888888889,19.625,21.8766666666667,36.2177777777778,35.0614285714286,29.555
"AT2G45450",7.70571428571429,8.185,11.7657142857143,8.52,9.32,8.51288888888889,13.975,16.2066666666667,11.9111111111111,11.17,13.665
"AT5G26742",131.274285714286,145.7,141.472857142857,137.91,140.954166666667,176.407111111111,177.4,132.486666666667,168.287777777778,166.805714285714,161.9125
"AT1G20810",25.6357142857143,28.275,29.8057142857143,31.1,34.2958333333333,35.5426666666667,31.52,31.95,58.3577777777778,57.1642857142857,54.1225
"AT5G37950",0.187142857142857,0.31,0.388571428571429,0.21,0.3175,0.293333333333333,0.48,0.65,0.635555555555556,0.638571428571429,0.86
"AT2G18180",0.217142857142857,0.235,0.275714285714286,0.303333333333333,1.64958333333333,1.884,0.235,0.293333333333333,0.483333333333333,0.418571428571429,0.565
"AT1G69935",13.1971428571429,18.055,16.2914285714286,14.04,15.1408333333333,18.2177777777778,16.935,21.3566666666667,23.0788888888889,19.3057142857143,16.1575
"AT5G01445",2.74,3.045,3.40857142857143,2.81,3.57125,3.62866666666667,3.73,5.87333333333333,3.55111111111111,3.18857142857143,3.1525
"AT5G16140",10.54,12.055,11.9571428571429,12.0066666666667,12.62875,13.2017777777778,13.12,13.4466666666667,16.2677777777778,15.9542857142857,18.62
"AT4G31620",1.12571428571429,1.245,1.15,1.24666666666667,2.37041666666667,3.29977777777778,1.29,1.23,1.37555555555556,1.45285714285714,1.835
"AT1G77270",2.39285714285714,2.645,2.93571428571429,2.70333333333333,7.64541666666667,9.23977777777778,3.65,3.32666666666667,3.55,3.52428571428571,4.63
"AT1G30570",5.37285714285714,6.32,7.64428571428571,5.44,8.37208333333333,7.19377777777778,9.855,12.49,8.53444444444444,8.02142857142857,8.0075
"AT5G04490",19.2771428571429,26.53,25.6514285714286,23.8066666666667,21.3641666666667,27.2731111111111,25.405,35.6833333333333,34.2077777777778,26.8242857142857,23.515
"AT5G06060",29.8557142857143,29.92,30.5328571428571,31.9166666666667,41.7654166666667,45.7733333333333,32.975,37.3866666666667,42.4633333333333,41.9157142857143,42.5475
"AT5G15802",14.4357142857143,17.77,17.8214285714286,14.72,15.9454166666667,19.2955555555556,21.91,25.29,21.8711111111111,21.2928571428571,20.98
"AT5G23770",0.878571428571429,0.935,1.09142857142857,1.09333333333333,1.07958333333333,1.23577777777778,1.1,1.27333333333333,1.07777777777778,0.954285714285714,1.2
"AT5G16340",1.56857142857143,1.63,1.72142857142857,1.82333333333333,1.77833333333333,2.16844444444444,1.95,2.27333333333333,1.60333333333333,1.59571428571429,1.74
"AT3G49560",47.7928571428571,48.56,52.4042857142857,49.81,61.5054166666667,66.4922222222222,60.345,73.5533333333333,71.0577777777778,70.3257142857143,66.8825
"AT4G32280",2.72714285714286,4.705,8.06571428571429,2.88333333333333,7.00166666666667,4.41733333333333,11.325,15.72,14.7144444444444,14.3457142857143,18.405
"AT3G55250",26.4771428571429,38.095,35.57,26.4866666666667,36.4633333333333,39.8766666666667,44.575,46.04,54.7177777777778,52.8442857142857,49.4
"AT1G05385",17.4228571428571,19.16,23.4085714285714,17.7233333333333,27.32,25.6224444444444,33.66,30.7733333333333,36.9277777777778,36.6185714285714,39.6125
"AT1G43000",0.185714285714286,0.255,0.428571428571429,0.246666666666667,0.514583333333333,0.385333333333333,0.505,0.913333333333333,0.588888888888889,0.424285714285714,0.225
"AT5G15310",7.37142857142857,8.26,8.90714285714286,8.48,10.9925,13.7924444444444,10.845,8.71333333333333,13.8466666666667,15.4828571428571,18.1775
"AT3G61700",12.0271428571429,12.385,28.37,14.8266666666667,20.2058333333333,22.2006666666667,43.69,45.6933333333333,21.4044444444444,15.7985714285714,17.9325
"AT5G18080",4.41857142857143,6.83,5.04857142857143,4.95333333333333,6.07833333333333,5.24777777777778,5.01,4.73333333333333,11.9744444444444,13.1542857142857,15.7025
"AT2G18540",0.0114285714285714,0.02,0.271428571428571,0.0133333333333333,0.142916666666667,0.0924444444444444,0.78,0.606666666666667,0.19,0.207142857142857,0.3625
"AT1G17120",8.48857142857143,8.58,11.5771428571429,8.61333333333333,15.3575,16.2648888888889,14.075,19.74,15.5377777777778,13.8357142857143,13.6075
"AT3G62910",19.3314285714286,21.095,20.82,23.83,26.33375,26.648,21.635,19.4466666666667,31.26,32.0485714285714,34.795
"AT5G35790",35.48,44.615,39.0828571428571,38.2533333333333,47.5504166666667,56.6446666666667,43.58,40.9433333333333,72.2777777777778,71.6071428571429,75.0425
"AT2G23170",4.83142857142857,6.155,7.18285714285714,5.2,9.02416666666667,14.4102222222222,10.9,11.1133333333333,7.11444444444444,6.55571428571429,8.2925
"AT5G22470",0.00857142857142857,0.015,0.22,0.01,0.1325,0.0717777777777778,0.52,0.493333333333333,0.226666666666667,0.228571428571429,0.4
"AT5G36170",31.1485714285714,34.205,41.4042857142857,32.65,37.0766666666667,40.552,53.51,55.9066666666667,50.98,46.7528571428571,49.1775
"AT5G04190",2.61714285714286,3.87,7.85428571428571,3.31333333333333,3.93833333333333,3.45888888888889,12.09,14.3166666666667,5.91888888888889,4.31428571428571,5.1075
"AT1G75770",3.41428571428571,4.115,6.77857142857143,3.77333333333333,5.53208333333333,5.40155555555556,9.4,12.1166666666667,6.99333333333333,5.48428571428571,5.39
"AT1G64430",19.6071428571429,22.95,30.5842857142857,20.8433333333333,23.36625,27.1831111111111,43.555,45.6966666666667,29.8455555555556,24.7942857142857,26.0625
"AT2G35820",11.3071428571429,11.92,20.7114285714286,14.72,14.8566666666667,23.0633333333333,27.225,29.47,19.2388888888889,16.1757142857143,16.06
"AT1G14280",14.56,22.66,16.6928571428571,17.4133333333333,21.2779166666667,16.7553333333333,18.06,20.4633333333333,33.3566666666667,30.0714285714286,30.32
"AT1G69390",30.2071428571429,32.49,30.8842857142857,33.8533333333333,37.1904166666667,41.366,32.145,33.97,50.1033333333333,47.9314285714286,39.255
"AT5G27360",4.45285714285714,7.445,4.62857142857143,4.58666666666667,7.26083333333333,7.45977777777778,4.66,5.23333333333333,11.1822222222222,11.6614285714286,14.7575
"AT2G36110",0.275714285714286,0.325,0.522857142857143,0.28,0.6225,0.524,0.82,0.96,0.426666666666667,0.347142857142857,0.33
"AT1G18680",7.51,8.135,7.96285714285714,7.88333333333333,9.47625,10.1833333333333,8.375,14.0066666666667,10.2122222222222,9.32142857142857,7.9925
"AT1G17200",34.5257142857143,35.35,55.1371428571429,51.7233333333333,58.2729166666667,60.868,57.335,63.57,41.5811111111111,37.3057142857143,36.555
"AT1G70020",0.574285714285714,0.725,0.642857142857143,0.726666666666667,0.7525,0.915777777777778,0.625,0.663333333333333,0.92,0.858571428571429,0.995
"AT3G60370",14.5571428571429,21.135,17.1557142857143,14.6866666666667,22.6545833333333,24.0762222222222,19.665,21.9433333333333,29.6533333333333,29.6857142857143,33.09
"AT1G01430",21.8614285714286,23.21,28.25,23.3466666666667,24.9075,23.9331111111111,34.92,37.8566666666667,32.7177777777778,31.2057142857143,31.7525
"AT3G21370",0.05,0.08,0.208571428571429,0.0533333333333333,1.23916666666667,0.665333333333333,0.07,0.38,3.27444444444444,4.06714285714286,7.1175
"AT1G55260",29.0414285714286,31.715,52.0871428571429,33.1166666666667,75.0441666666667,68.2124444444444,69.6,72.31,49.4633333333333,45.1957142857143,50.5925
"AT2G38450",16.8542857142857,18,19.3757142857143,18.8566666666667,24.1695833333333,23.4613333333333,18.45,28.15,23.0611111111111,21.8285714285714,23.295
"AT3G26085",17.81,20.65,22.6328571428571,20.17,22.4754166666667,24.9088888888889,21.82,32.6066666666667,36.0211111111111,32.0157142857143,27.6
"AT1G48450",48.1271428571429,53.295,52.0257142857143,49.73,61.18375,72.908,61.71,53.69,82.9011111111111,79.7228571428571,78.485
"AT3G06640",0.244285714285714,0.33,0.372857142857143,0.266666666666667,0.354166666666667,1.43111111111111,0.495,0.613333333333333,0.453333333333333,0.451428571428571,0.6375
"AT1G62290",3.14857142857143,4.485,8.51285714285714,3.51666666666667,4.57625,4.36622222222222,13.07,15.8566666666667,6.92222222222222,5.16571428571429,6.115
"AT1G07720",13.6485714285714,18.965,15.3542857142857,14.47,17.8470833333333,25.2993333333333,16.63,15.27,29.5722222222222,26.0842857142857,23.185
"AT2G30170",24.2042857142857,33.845,26.6157142857143,26.7266666666667,33.0908333333333,36.7897777777778,28.35,31.73,50.4122222222222,47.6357142857143,42.4425
"AT1G19830",0.69,0.705,0.96,1.02666666666667,4.28083333333333,7.11488888888889,0.755,1.08333333333333,1.11444444444444,1.20714285714286,1.845
"AT3G51895",6.22571428571429,6.505,9.38714285714286,8.64666666666667,13.5908333333333,17.8744444444444,10.11,11.71,13.6622222222222,11.89,10.76
"AT1G77210",7.41714285714286,10.125,12.7257142857143,9.44666666666667,7.80708333333333,10.5913333333333,15.36,18.85,13.29,10.9357142857143,11.795
"AT1G10600",14.4957142857143,17.27,18.4185714285714,15.6766666666667,22.5116666666667,25.0782222222222,20.99,29.5133333333333,25.4888888888889,22.3842857142857,23.065
"AT1G60160",7.43142857142857,9.51,13.2685714285714,8.36,11.3995833333333,17.5697777777778,18.465,22.11,14.7388888888889,12.4314285714286,14.21
"AT1G06430",30.03,33.775,32.6885714285714,35.9766666666667,35.9545833333333,45.4102222222222,33.365,36.7733333333333,49.28,45.3728571428571,36.5275
"AT3G20865",1.25,1.965,2.36428571428571,1.49333333333333,18.5041666666667,15.4713333333333,2.75,3.43666666666667,5.00222222222222,4.69285714285714,4.6025
"AT2G28630",9.06857142857143,12.625,23.4614285714286,9.99,28.3804166666667,24.6177777777778,39.985,41.7966666666667,45.2011111111111,30.2714285714286,17.33
"AT1G27950",108.911428571429,109.595,139.347142857143,114.403333333333,135.211666666667,181.406888888889,184.49,149.496666666667,160.842222222222,138.425714285714,121.935
"AT4G25830",6.63142857142857,7.61,17.2871428571429,6.81333333333333,15.3279166666667,14.3448888888889,28.115,31.2033333333333,13.59,8.21142857142857,8.54
"AT5G06340",47.4542857142857,49.095,56.0214285714286,55.43,56.6079166666667,61.4655555555556,62.26,69.8166666666667,73.2411111111111,66.4642857142857,64.42
"AT3G29185",26.0128571428571,29.575,31.7971428571429,32.4366666666667,35.1395833333333,36.6037777777778,32.905,37.0566666666667,48.1966666666667,47.8185714285714,52.35
"AT1G22700",50.57,62.295,57.9671428571429,59.9466666666667,55.8195833333333,61.8413333333333,56.535,65.5333333333333,84.1488888888889,80.7371428571429,72.18
"AT3G60510",5.21857142857143,6.13,9.65,5.23333333333333,8.99958333333333,8.80488888888889,13.33,17.6233333333333,9.69,8.31285714285714,10.3625
"AT1G08520",70.1685714285714,76.85,78.5028571428571,80.0766666666667,72.9708333333333,80.756,90.64,79.5233333333333,104.752222222222,99.9857142857143,108.6975
"AT2G01008",6.65285714285714,8.06,6.84285714285714,7.59333333333333,9.84,9.13755555555556,7.05,7.42333333333333,9.43888888888889,10.6057142857143,15.76
"AT2G32230",25.4014285714286,31.715,28.26,26.7833333333333,31.9858333333333,34.3831111111111,31.335,31.1333333333333,39.4088888888889,40.1414285714286,44.92
"AT1G74470",425.288571428571,549.075,530.232857142857,497.48,467.973333333333,519.536444444444,581.595,600.926666666667,691.876666666667,654.544285714286,695.9675
"AT4G20930",5.05714285714286,5.85,9.73,5.45,9.14,12.3022222222222,13.335,18.5333333333333,10.9544444444444,9.08714285714286,11.145
"AT1G12410",83.1742857142857,90.23,88.9442857142857,90.0566666666667,95.6025,107.644888888889,102.695,100.733333333333,125.09,120.542857142857,116.545
"AT2G27385",95.5628571428571,140.985,109.978571428571,104.166666666667,137.903333333333,157.734222222222,113.19,103.016666666667,123.133333333333,123.251428571429,162.24
"AT1G08980",34.1828571428571,44.275,48.9742857142857,35.77,40.88,55.9844444444444,64.66,69.2733333333333,59.28,42.4371428571429,36.985
"AT3G57800",18.3857142857143,18.925,33.1614285714286,21.9166666666667,28.7983333333333,35.2864444444444,44.87,49.4933333333333,31.0988888888889,23.5271428571429,21.945
"AT1G49730",13.3571428571429,17.805,19.7557142857143,14.5933333333333,18.1554166666667,16.6335555555556,25.16,30.2566666666667,22.8477777777778,18.9528571428571,20.2375
"AT3G48550",4.49142857142857,4.86,10.9185714285714,4.92333333333333,8.58583333333333,7.12666666666667,15.79,21.0033333333333,9.71444444444444,8.09857142857143,7.1125
"AT1G63260",8.86571428571429,10.435,18.25,10.4033333333333,16.0683333333333,15.4775555555556,25.895,31.0833333333333,19.6144444444444,13.3385714285714,13.3075
"AT5G13370",7.42714285714286,7.5,15.4228571428571,7.43,9.59125,12.0862222222222,22.855,28.04,12.4377777777778,9.67714285714286,10.8025
"AT4G31650",3.62714285714286,4.125,10.6485714285714,4.22666666666667,9.61666666666667,10.3971111111111,15.41,20.7833333333333,9.02666666666667,6.80714285714286,8.16
"AT2G36590",0.527142857142857,0.56,0.624285714285714,0.596666666666667,1.30666666666667,7.77933333333333,0.645,0.85,2.00777777777778,1.75285714285714,1.3225
"AT5G24690",70.8814285714286,78.5,78.0542857142857,77.92,77.0895833333333,91.6444444444444,81.305,93.2133333333333,94.2066666666667,93.1742857142857,100.62
"AT4G14100",16.7242857142857,17.92,20.7871428571429,17.0066666666667,20.0629166666667,25.2542222222222,24.93,32.6133333333333,25.6511111111111,24.4071428571429,23.0425
"AT2G18710",36.5714285714286,39.49,54.79,40.7333333333333,47.5766666666667,54.0795555555556,70.74,76.45,66.3688888888889,56.7757142857143,54.7325
"AT5G43260",12.9871428571429,16.885,14.3185714285714,13.3766666666667,19.64,30.5931111111111,13.18,22.5666666666667,23.9944444444444,22.3485714285714,18.6525
"AT2G46220",76.0085714285714,119.76,108.784285714286,81.7533333333333,92.6833333333333,93.8857777777778,129.12,165.436666666667,166.53,147.722857142857,172.91
"AT3G26900",43.9214285714286,62.69,51.9885714285714,44.4066666666667,57.5525,62.3895555555556,57.45,64.66,86.5322222222222,80.62,73.98
"AT1G15840",0.147142857142857,0.175,12.2342857142857,0.166666666666667,3.83416666666667,2.35422222222222,21.975,28.3,5.19666666666667,0.814285714285714,1.425
"AT5G26620",1.23428571428571,1.42,6.99571428571429,1.30333333333333,4.92916666666667,4.13755555555556,8.875,15.7833333333333,4.16333333333333,1.72571428571429,1.9675
"AT5G05060",23.4757142857143,30.04,38.0328571428571,24.6,41.2008333333333,63.5977777777778,51.125,57.1,37.2188888888889,31.9914285714286,30.43
"AT3G50440",28.9314285714286,41.905,37.9542857142857,31.5733333333333,30.4254166666667,42.6346666666667,54.21,47.48,41.5522222222222,41.1114285714286,38.5225
"AT1G19610",1.66285714285714,2.64,10.6757142857143,1.68,4.60375,15.9753333333333,15.18,23.4233333333333,8.15555555555556,4.69285714285714,6.3025
"AT4G10030",10.7271428571429,11,16.8142857142857,10.8133333333333,16.4370833333333,17.3495555555556,22.12,29.3133333333333,19.3011111111111,16.6771428571429,17.6175
"AT1G68170",0.1,0.165,0.598571428571429,0.123333333333333,0.813333333333333,8.47866666666667,1.25,1.27333333333333,0.224444444444444,0.1,0.155
"AT4G18970",26.3385714285714,30.58,36.8285714285714,32.8766666666667,39.17375,38.8257777777778,43.315,41.1866666666667,47.4622222222222,46.5571428571429,55.425
"AT5G39530",31.9485714285714,47.83,51.1771428571429,37.6133333333333,43.5166666666667,42.3728888888889,55.94,77.5566666666667,80.3811111111111,74.1042857142857,87.8675
"AT2G41560",36.8614285714286,37.045,46.7728571428571,39.8333333333333,40.7883333333333,45.8437777777778,58.48,66.3166666666667,50.2488888888889,43.5214285714286,38.865
"AT2G26340",33.2485714285714,39.17,42.1142857142857,39.9866666666667,46.2454166666667,52.3095555555556,45.88,50.96,74.4711111111111,66.5428571428571,59.025
"AT1G55805",21.2757142857143,23.785,28.0885714285714,22,32.70125,30.9026666666667,35.26,43.6133333333333,28.9055555555556,27.0757142857143,31.395
"AT1G55000",22.9485714285714,26.89,30.8885714285714,25.4166666666667,30.4258333333333,41.7804444444444,36.455,50.9433333333333,41.9766666666667,36.1128571428571,29.9625
"AT2G26690",26.1,29.355,49.0285714285714,31.5333333333333,38.7145833333333,51.5073333333333,55.485,78.4666666666667,68.1655555555556,60.5142857142857,69.7225
"AT4G34350",111.688571428571,148.985,133.337142857143,119.03,141.705,144.666222222222,146.94,198.286666666667,207.22,197.454285714286,215.585
"AT4G33110",24.8585714285714,30.23,33.8985714285714,30.3166666666667,40.8841666666667,34.3311111111111,38.325,47.17,48.2422222222222,47.8114285714286,57.79
"AT5G03940",61.9657142857143,62.2,75.1857142857143,65.2133333333333,72.9233333333333,74.4295555555556,99.485,82.11,88.5244444444444,84.8457142857143,90.5725
"AT3G11930",117.088571428571,126.175,238.348571428571,124.716666666667,170.859583333333,199.253777777778,374.285,365.71,174.713333333333,131.461428571429,120.1125
"AT4G34020",17.0585714285714,18.605,31.3985714285714,19.77,21.2095833333333,22.636,42.76,51.4566666666667,27.6566666666667,23.62,28.5075
"AT3G29370",3.46714285714286,4.135,18.9928571428571,4.33,15.2433333333333,16.0188888888889,31.36,40.28,14.1544444444444,9.27857142857143,14.14
"AT2G41260",0.192857142857143,0.255,13.1271428571429,0.28,4.025,2.28,39.63,30.2733333333333,1.53111111111111,0.317142857142857,0.555
"AT5G26270",4.84,5.055,12.6342857142857,4.96,9.87166666666667,6.59511111111111,16.86,26.3433333333333,9.39222222222222,7.19,8.9875
"AT5G21930",18.8742857142857,26.895,33.2957142857143,19.5766666666667,25.8725,29.4586666666667,43.355,53.36,40.5577777777778,30.5728571428571,29.905
"AT4G00360",32.6057142857143,33.99,40.0628571428571,35.2533333333333,38.6866666666667,74.0497777777778,48.97,50.5333333333333,64.1422222222222,49.89,34.3
"AT1G06350",2.00285714285714,2.01,4.89,2.07666666666667,28.1908333333333,38.1304444444444,6.79,8.80666666666667,3.80666666666667,2.94714285714286,3.795
"AT2G42870",8.58142857142857,10.88,21.6714285714286,10.0866666666667,15.6945833333333,11.6226666666667,31.025,41.1,16.36,11.38,14.455
"AT3G21870",4.43285714285714,7.29,19.1771428571429,4.91333333333333,8.83541666666667,8.81066666666667,28.18,38.53,14.6622222222222,9.56428571428571,11.0225
"AT3G18850",7.18285714285714,8.115,7.22857142857143,8.01666666666667,18.2175,28.786,8.395,8.16,8.59444444444444,9.40142857142857,11.8925
"AT1G62360",2.45714285714286,2.76,6.04714285714286,3.14666666666667,6.325,21.114,8.445,9.7,3.53777777777778,2.48428571428571,3.4975
"AT4G34250",5.93857142857143,7.095,22.7928571428571,6.67,10.8233333333333,7.68244444444444,34.08,44.95,15.2977777777778,9.66857142857143,12.8875
"AT2G40300",26.12,30.28,36.0557142857143,26.4933333333333,34.125,40.796,39.665,53.24,40.1833333333333,34.4485714285714,40.095
"AT4G33670",26.4728571428571,34.38,37.0814285714286,29.25,38.2183333333333,42.7973333333333,42.265,58.59,47.2911111111111,42.51,42.2
"AT4G38090",20.1671428571429,20.99,26.0628571428571,20.8,30.34875,33.9306666666667,29.775,47.7333333333333,34.7666666666667,32.6385714285714,31.925
"AT1G73655",77.8742857142857,88.32,94.9114285714286,93.9,115.98875,144.014444444444,106.585,108.6,197.938888888889,185.917142857143,137.61
"AT2G24270",92.8728571428571,108.72,137.835714285714,113.483333333333,103.167916666667,124.522888888889,161.67,173.74,133.492222222222,114.125714285714,125.16
"AT5G24490",180.564285714286,240.795,240.967142857143,203.913333333333,220.082916666667,275.881111111111,270.45,326.943333333333,314.728888888889,275.744285714286,269.8225
"AT1G05835",7.14,8.905,27.6528571428571,8.31,17.4058333333333,16.2231111111111,40.63,52.8866666666667,17.3744444444444,10.7114285714286,15.995
"AT2G42170",5.52285714285714,8.27,28.4157142857143,6.06333333333333,12.6758333333333,9.62133333333333,45.895,59.0266666666667,18.7088888888889,10.3314285714286,15.695
"AT5G14410",9.14285714285714,14.325,29.5971428571429,10.6666666666667,23.1825,24.7628888888889,42.805,56.07,24.7666666666667,19.3557142857143,24.3525
"AT1G45165",17.1085714285714,24.175,29.7114285714286,17.9266666666667,20.2408333333333,23.2666666666667,35.58,48.96,30.4277777777778,22.3128571428571,23.285
"AT2G33810",7.17285714285714,8.905,9.45285714285714,8.62333333333333,36.3304166666667,50.8048888888889,10.67,13.79,22.2133333333333,20.9042857142857,19.7475
"AT2G07180",28.0328571428571,30.885,44.9428571428571,28.0833333333333,42.2054166666667,45.8195555555556,61.3,76.6233333333333,45.6388888888889,35.9685714285714,31.97
"AT4G16442",10.5885714285714,11.185,24.1528571428571,12.08,22.8341666666667,22.6251111111111,30.475,46.6266666666667,20.88,15.7785714285714,16.2675
"AT2G14260",22.1342857142857,25.63,37.6671428571429,22.3533333333333,30.96,32.594,51.1,67.2466666666667,38.9222222222222,32.0871428571429,33.09
"AT3G23760",12.0314285714286,15.105,35.9928571428571,16.4166666666667,23.4666666666667,23.6224444444444,48.2,64.5633333333333,31.6522222222222,22.5942857142857,25.165
"AT1G02280",52.35,54.96,82.8428571428571,62.7433333333333,76.0925,77.8953333333333,105.065,123.1,78.5311111111111,70.6457142857143,79.005
"AT4G35450",119.464285714286,135.11,146.902857142857,132.966666666667,185.495416666667,205.84,163.49,213.81,242.24,223.997142857143,194.8775
"AT3G52340",15.3185714285714,17.19,44.7071428571429,18.65,25.6783333333333,18.4257777777778,66.385,85.1966666666667,33.3433333333333,22.7857142857143,21.3225
"AT3G10420",18.0271428571429,19.68,19.1785714285714,20.5833333333333,20.5983333333333,50.0082222222222,18.995,19.81,29.0733333333333,27.6842857142857,28.4575
"AT1G09530",6.77,9.33,52.0042857142857,6.79333333333333,19.9725,15.3215555555556,92.485,112.66,24.9711111111111,8.86857142857143,10.595
"AT4G34620",476.595714285714,607.205,677.091428571429,625.156666666667,542.6,647.605111111111,658.175,836.66,857.94,800.108571428571,789.2975
"AT3G44310",326.411428571429,355.82,435.107142857143,397.92,541.595416666667,765.534222222222,487.16,740.21,874.534444444444,896.81,762.415
"AT1G22710",46.1985714285714,46.685,49.3757142857143,48.4,49.925,106.449777777778,54.8,57.6033333333333,82.43,73.8671428571429,82.5275
"AT3G17100",32.0742857142857,32.7,61.6542857142857,35.4166666666667,49.6420833333333,49.546,85.85,110.576666666667,55.3422222222222,46.0414285714286,49.6825
"AT5G02540",3.70142857142857,5.26,66.9428571428572,3.73,29.4683333333333,24.5691111111111,126.725,152.036666666667,35.3522222222222,15.3328571428571,15.115
"AT4G25080",188.265714285714,203.04,234.467142857143,198.656666666667,198.87625,216.172666666667,317.345,247.95,289.44,277.43,288.9
"AT5G28840",88.5585714285714,116.555,119.578571428571,92.7766666666667,128.340416666667,126.580222222222,142.78,175.063333333333,146.62,135.722857142857,137.0275
"AT5G24930",185.288571428571,239.42,212.834285714286,202.286666666667,189.090416666667,283.450666666667,243.595,231.59,253.702222222222,222.812857142857,202.1375
"AT5G22580",66.5271428571429,97.605,96.55,80.81,100.004583333333,142.298888888889,83.035,110.03,105.215555555556,92.13,100.1075
"AT1G52190",28.6642857142857,49.075,78.8942857142857,29.7633333333333,48.1004166666667,47.9593333333333,114.205,146.506666666667,74.3177777777778,51.9471428571429,55.4025
"AT1G23050",8.97714285714286,13.665,52.4128571428571,9.12333333333333,23.5720833333333,21.0384444444444,79.83,113.326666666667,33.3744444444444,14.62,17.5825
"AT1G01170",100.892857142857,132.48,150.812857142857,109.386666666667,135.299583333333,155.789555555556,186.37,221.836666666667,183.892222222222,161.441428571429,153.4775
"AT4G15530",14.9557142857143,21.475,66.53,18.01,42.9454166666667,56.1686666666667,96.62,136.38,68.8066666666667,48.4685714285714,61.985
"AT3G20470",54.9,56.11,82.7671428571429,65.06,64.6604166666667,233.842888888889,84.74,188.583333333333,99.0011111111111,99.77,61.2175
"AT3G13450",18.8657142857143,24.76,84.0257142857143,19.2733333333333,51.5575,55.4473333333333,128.41,179.736666666667,67.2622222222222,44.2928571428571,61.64
"AT1G06080",8.2,12.155,93.5528571428571,9.85333333333333,46.5325,27.3473333333333,148.4,210.21,51.4588888888889,17.8228571428571,19.845
"AT1G06570",33.2042857142857,38.64,223.85,34.11,106.685833333333,107.065555555556,373.89,494.44,159.057777777778,95.9371428571429,144.1175
"AT1G29090",0.298571428571429,0.585,77.2342857142857,0.306666666666667,26.1545833333333,14.3635555555556,126.08,179.56,41.4555555555556,12.3685714285714,21.645
"AT3G23050",80.09,126.35,158.831428571429,81.25,140.16625,135.145555555556,216.645,288.513333333333,151.507777777778,105.124285714286,103.5525
"AT3G29240",98.3014285714286,107.845,476.145714285714,119.196666666667,221.363333333333,211.781333333333,683.285,959.016666666667,365.232222222222,226.605714285714,208.0375
"AT4G15560",100.498571428571,136.54,200.28,116.363333333333,162.2525,156.740222222222,253.565,343.52,243.618888888889,209.174285714286,218.91
"AT4G34030",23.1242857142857,24.87,99.2985714285714,23.56,58.8395833333333,50.2815555555556,154.26,213.406666666667,84.8833333333333,60.7857142857143,86.5
"AT5G01600",124.718571428571,146.155,460.69,142.11,265.860416666667,207.483777777778,812.335,1019.56,305.54,219.217142857143,267.665
"AT5G05690",77.2742857142857,96.615,197.028571428571,98.37,104.00625,101.648222222222,280.08,347.163333333333,140.082222222222,85.7671428571429,81.1325
"AT5G25610",93.5357142857143,116.135,106.291428571429,113.87,111.487083333333,288.230666666667,103.315,101.89,162.293333333333,153.717142857143,120.7175
"AT1G02630",0.337142857142857,0.365,0.407142857142857,0.443333333333333,0.550833333333333,3.90111111111111,0.415,0.46,0.512222222222222,0.497142857142857,0.5575
"AT3G27860",0.371428571428571,0.465,0.405714285714286,0.403333333333333,0.95,0.851333333333333,0.595,0.396666666666667,0.448888888888889,0.438571428571429,0.515
"AT2G22340",0.0171428571428571,0.02,0.02,0.0266666666666667,0.318333333333333,0.358222222222222,0.03,0.02,0.0177777777777778,0.0228571428571429,0.04
"AT1G20620",998.177142857143,1315.345,1912.81,1105.59,1179.4,1776.10977777778,2525.285,3301.18,1906.19777777778,1421.54142857143,1371.1
"AT1G31812",354.541428571429,356.875,1014.88142857143,377.366666666667,753.439166666667,639.217777777778,1464.85,2092.14666666667,897.987777777778,660.507142857143,688.545
"AT1G56220",372.242857142857,458.36,814.944285714286,389.953333333333,543.562916666667,620.441333333333,1082.005,1540.37666666667,674.5,496.974285714286,481.1075
"AT2G45180",629.018571428571,969.08,757.904285714286,723.076666666667,705.188333333333,733.245111111111,750.28,734.926666666667,1378.12444444444,1102.28714285714,963.6925
"AT4G27440",356.157142857143,527.21,658.672857142857,430.096666666667,461.142916666667,503.835111111111,801.32,1049.58,741.327777777778,648.005714285714,632.43
"AT4G35770",114.701428571429,205.29,733.58,119.743333333333,276.117916666667,349.441777777778,1105.74,1585.55,438.653333333333,185.985714285714,304.805
"AT1G08090",149.714285714286,4.135,2.12428571428571,0.78,49.7841666666667,27.5206666666667,4.665,45.9833333333333,25.5477777777778,32.3585714285714,23.225
"AT2G05510",417.101428571429,94.9,96.85,58.01,109.700416666667,64.8711111111111,136.585,221.75,125.14,151.731428571429,132.18
"AT3G50970",248.668571428571,24.915,40.8071428571429,11.1466666666667,140.351666666667,106.417555555556,71.89,181.386666666667,107.875555555556,122.835714285714,125.6325
"AT4G37409",223.22,2.25,68.7871428571429,76.2866666666667,142.5875,78.4648888888889,123.3,142.41,71.3444444444444,91.5071428571429,53.7625
"AT1G26250",103.452857142857,1.445,32.5157142857143,27.2066666666667,16.785,8.29244444444445,59.73,33.6533333333333,9.47777777777778,8.54285714285714,8.6075
"AT2G15220",57.8,5.55,4.33571428571429,6.95333333333333,15.04625,8.69866666666667,3.555,16.8766666666667,11.0833333333333,13.9271428571429,12.42
"AT4G14630",51.7128571428571,1.54,6.75285714285714,11.0566666666667,10.1183333333333,5.29533333333333,5.225,6.95666666666667,10.6811111111111,13.1428571428571,19.7
"AT1G56660",122.301428571429,93.965,22.3071428571429,8.26666666666667,23.7058333333333,25.1808888888889,40.775,38.0333333333333,14.6522222222222,9.99857142857143,6.6875
"AT4G21830",95.0557142857143,6.73,28.5542857142857,23.2266666666667,67.2295833333333,38.2571111111111,33.005,60.8,22.1544444444444,19.8457142857143,17.955
"AT2G23120",397.908571428571,373.83,100.105714285714,120.143333333333,244.99375,308.406222222222,77.005,186.573333333333,202.657777777778,169.768571428571,152.09
"AT2G27080",77.6814285714286,56.19,19.7414285714286,7.02333333333333,35.0083333333333,27.4642222222222,43.945,23.92,21.6577777777778,14.2171428571429,13.4375
"AT1G77530",27.6828571428571,0.995,1.82142857142857,1.57333333333333,5.59291666666667,2.99088888888889,2.385,5.07333333333333,3.29111111111111,3.77142857142857,4.1475
"AT3G23250",36.5314285714286,15.48,5.94142857142857,0.586666666666667,10.7183333333333,13.1937777777778,9.95,13.78,5.70444444444444,3.57571428571429,4.93
"AT3G14340",45.7214285714286,24.475,22.5057142857143,18.2366666666667,17.1033333333333,18.1864444444444,32.895,27.2266666666667,11.7222222222222,9.78,13.085
"AT3G45960",20.2928571428571,7.965,1.23142857142857,0.873333333333333,8.70458333333333,5.08088888888889,1.385,2.45666666666667,3.26666666666667,1.69571428571429,1.49
"AT1G12950",19.0814285714286,1.81,3.57142857142857,3.14333333333333,6.28958333333333,3.70622222222222,4.485,7.31666666666667,3.24777777777778,3.35857142857143,3.24
"AT3G23000",93.7285714285714,83.235,44.4742857142857,61.0466666666667,66.9870833333333,72.9188888888889,26.46,50.7866666666667,66.5666666666667,72.36,59.985
"AT2G27390",29.8714285714286,6.005,2.88428571428571,1.84666666666667,12.60625,7.86422222222222,3.995,19.8633333333333,10.2377777777778,12.2114285714286,9.9775
"AT4G04990",17.7014285714286,0.52,1.31285714285714,0.173333333333333,3.10583333333333,1.80511111111111,3.395,3.25,4.33555555555556,5.39,7.7125
"AT4G11880",16.87,0.62,1.45571428571429,1.88,8.91458333333333,4.75888888888889,2.02,3.90333333333333,2.94555555555556,3.74428571428571,3.7475
"AT4G18280",38.1657142857143,30.36,9.94,4.72666666666667,11.3345833333333,29.9497777777778,16.61,18.95,12.4488888888889,9.68285714285714,8.455
"AT1G49860",45.8642857142857,1.16,17.9614285714286,31.8266666666667,39.2529166666667,19.8706666666667,13.735,14.4833333333333,8.85111111111111,11.0328571428571,9.9175
"AT3G29410",14.9014285714286,0.125,1.44714285714286,0.84,8.0575,4.42377777777778,1.63,6.08333333333333,3.35555555555556,3.7,3.5575
"AT1G01470",144.991428571429,111.155,45.8442857142857,31.87,74.5175,139.226,57.015,123.396666666667,93.3088888888889,86.3642857142857,78.195
"AT3G48180",20.7271428571429,2.915,3.3,3.45333333333333,12.4816666666667,11.8433333333333,3.96,15.06,9.05111111111111,10.9257142857143,9.3475
"AT5G28630",37.7528571428571,32.565,8.09,4.41666666666667,19.0320833333333,15.2371111111111,14.98,10.57,22.0877777777778,9.45142857142857,4.7825
"AT3G27210",33.2014285714286,19.75,10.2228571428571,8.39666666666667,24.4916666666667,21.4315555555556,14.375,27.7366666666667,20.7566666666667,22.93,23.7375
"AT3G14280",51.7657142857143,7.205,7.84,7.07333333333333,37.0345833333333,46.6235555555556,9.115,35.2766666666667,24.8077777777778,29.7057142857143,28.74
"AT4G29930",17.47,2.36,3.18714285714286,5.29,10.0279166666667,5.81022222222222,2.195,11.8566666666667,7.28777777777778,9,7.3775
"AT1G77520",18.0414285714286,1.15,1.57142857142857,2.09,12.96875,8.26755555555556,2.08,6.97666666666667,5.15555555555556,6.59571428571429,6.175
"AT1G18970",18.58,0.505,2.69571428571429,3.80333333333333,11.7929166666667,6.24888888888889,2.99,12.5733333333333,8.68111111111111,10.9771428571429,10.8875
"AT4G31875",15.2185714285714,0,1.28428571428571,0.81,5.44625,3.02777777777778,1.715,5.49333333333333,5.94555555555556,7.19714285714286,10.115
"AT4G14580",18.5157142857143,7.795,5.78857142857143,4.26666666666667,9.305,6.05244444444444,9.37,13.03,10.0077777777778,10.6628571428571,10.6375
"AT1G13520",15.4228571428571,3.015,0.86,0.363333333333333,10.59125,5.88755555555556,1.75,4.08,3.41444444444444,4.17285714285714,5.08
"AT5G28610",11.9128571428571,2.975,2.84142857142857,0.273333333333333,4.20333333333333,2.51133333333333,5.85,5.87,2.32,1.75285714285714,2.54
"AT3G09940",47.61,16.095,16.0985714285714,8.93,43.1220833333333,28.5448888888889,26.735,37.5966666666667,17.3811111111111,14.8957142857143,12.365
"AT1G36622",12.4928571428571,7.91,0.914285714285714,0.713333333333333,1.86583333333333,2.54133333333333,1.375,1.49,2.48888888888889,2.89571428571429,3.7475
"AT4G22950",10.6071428571429,1.69,0.532857142857143,0.496666666666667,4.50083333333333,4.96866666666667,0.86,3.08,1.68111111111111,2.08142857142857,1.1675
"AT1G76040",21.1014285714286,13.445,6.24714285714286,3.72666666666667,14.32375,15.8833333333333,11.89,10.3333333333333,14.3655555555556,13.57,10.775
"AT3G07195",17.6185714285714,12.42,5.50285714285714,3.49,10.3775,8.66333333333333,11.845,6.78666666666667,9.26444444444444,8.55285714285714,6.6475
"AT4G32950",8.23714285714286,1.045,0.368571428571429,0.15,1.34166666666667,0.900444444444444,0.84,0.863333333333333,0.984444444444444,1.16428571428571,1.23
"AT4G24015",19.4214285714286,7.395,7.43428571428571,5.59333333333333,13.60625,13.9242222222222,12.775,10.3033333333333,11.3,11.7914285714286,11.935
"AT4G27652",57.4757142857143,53.72,6.60142857142857,5.78333333333333,34.4495833333333,22.9517777777778,5.79,9.56333333333333,8.05888888888889,6.47285714285714,5.6925
"AT2G41480",23.53,1.44,3.59142857142857,2.49,19.8179166666667,11.2397777777778,4.075,10.1566666666667,5.90444444444444,5.36428571428571,4.1875
"AT4G27654",35.4842857142857,31.815,0.904285714285714,0.186666666666667,13.8254166666667,9.71022222222222,0.82,1.37666666666667,3.39111111111111,0.377142857142857,0.375
"AT1G77885",35.0242857142857,5.955,16.4771428571429,12.3,29.2420833333333,20.4491111111111,22.885,30.9766666666667,17.9066666666667,18.1757142857143,19.4825
"AT3G54020",23.7957142857143,20.025,5.28428571428571,5.66666666666667,15.3954166666667,15.5944444444444,4.81,9.07666666666667,10.6022222222222,8.35857142857143,9.4125
"AT1G53625",18.26,6.99,4,1.79,13.1295833333333,12.1495555555556,6.77,13.4166666666667,7.80888888888889,8.31142857142857,6.4925
"AT3G24310",8.05857142857143,0.15,0.577142857142857,0.0266666666666667,1.19041666666667,0.681111111111111,1.425,1.64,1.16444444444444,1.33857142857143,1.8525
"AT1G70800",12.1385714285714,3.87,1.73571428571429,1.91666666666667,7.60333333333333,6.45622222222222,2.235,3.34666666666667,4.31333333333333,4.23857142857143,4.405
"AT5G09530",53.69,6.955,18.18,28.54,50.18625,35.2055555555556,16.06,38.67,31.3644444444444,39.9014285714286,41.4125
"AT4G21840",10.5214285714286,3.255,1.32428571428571,1.22666666666667,4.725,3.63244444444444,1.235,3.24333333333333,4.87777777777778,5.48,1.825
"AT4G35985",15.7114285714286,10.635,3.99142857142857,2.94333333333333,9.46833333333333,8.62,6.5,10.93,8.32777777777778,8.48428571428571,7.46
"AT5G43520",29.1314285714286,0.535,11.0942857142857,3.21,16.54125,8.88488888888889,20.055,25.8733333333333,11.6266666666667,11.0585714285714,16.5025
"AT3G19240",28.7214285714286,25.335,11.0914285714286,7.76333333333333,22.2808333333333,19.7686666666667,15.44,20.9,14.94,14.2,15.4075
"AT4G20000",11.3114285714286,3.985,2.24,2.25,4.60083333333333,2.96133333333333,2.85,4.68666666666667,4.69666666666667,5.50571428571429,7.035
"AT2G47950",7.79285714285714,2.165,1.10428571428571,0.07,2.31,2.43866666666667,1.93,3.24333333333333,1.01333333333333,0.78,0.645
"AT1G14780",11.84,2.33,3.92714285714286,1.81333333333333,5.08625,6.28777777777778,6.1,8.56333333333333,3.72222222222222,3.07428571428571,3.795
"AT1G52820",16.0914285714286,1.91,4.79571428571429,3.13666666666667,9.54208333333333,5.82755555555556,6.75,13.62,6.83777777777778,7.05428571428571,6.585
"AT2G25460",9.40714285714286,5.405,1.30142857142857,0.353333333333333,5.71,4.11,2.245,2.86666666666667,2.66,2.34285714285714,2.8775
"AT1G22065",19.3685714285714,3.28,5.84857142857143,5.31666666666667,16.72875,9.99444444444445,7.765,14.1133333333333,10.4711111111111,12.6642857142857,13.8375
"AT5G19600",13.7257142857143,1.115,5.58857142857143,9.05,10.98625,6.80955555555556,4.955,3.33333333333333,5.40777777777778,6.39,7.525
"AT2G24430",10.4571428571429,0.99,3.9,4.49,4.99,2.50466666666667,6.71,5.66666666666667,4.24888888888889,5.46285714285714,5.31
"AT1G21120",27.7214285714286,15.74,9.46571428571429,2.22,18.3429166666667,14.7466666666667,17.595,24.19,18.8611111111111,19.5728571428571,24.96
"AT4G13280",11.1971428571429,2.71,1.08428571428571,1.58666666666667,8.63833333333333,4.58533333333333,1.225,5.82666666666667,4.46222222222222,5.71714285714286,5.655
"AT3G13435",34.8842857142857,4.05,9.22285714285714,6.85,31.30125,17.6488888888889,10.14,32.41,15.04,17,14.2775
"AT4G36710",11.8471428571429,5.68,5.11,4.11,6.9525,8.72933333333333,7.395,6.06333333333333,6.50666666666667,6.15428571428571,5.985
"AT1G74590",17.4771428571429,5.39,5.36857142857143,5.47333333333333,14.9545833333333,10.1166666666667,6.805,14.2,9.86777777777778,11.2214285714286,10.635
"AT3G46130",32.8128571428571,7.615,15.3628571428571,6.26333333333333,23.5683333333333,15.92,31.025,26.73,23.1222222222222,24.2157142857143,26.3225
"AT5G10210",18.5157142857143,1.255,4.86857142857143,3.43666666666667,16.9220833333333,9.06133333333333,8.13,10.9566666666667,6.19111111111111,6.94857142857143,8.4275
"AT3G62260",17.3428571428571,15.675,4.15857142857143,3.85666666666667,11.3441666666667,10.7115555555556,4.795,8.03333333333333,7.74,7.55571428571429,7.5525
"AT1G65510",61.1785714285714,19.34,24.5171428571429,12.9166666666667,31.8845833333333,20.2237777777778,28.07,59.65,31.0322222222222,29.1414285714286,36.05
"AT3G32030",6.75,0.15,0.575714285714286,0.85,3.68166666666667,1.95688888888889,0.54,2.52666666666667,1.74666666666667,2.22142857142857,2.0825
"AT2G18210",10.3442857142857,3.905,3.17857142857143,2.96333333333333,8.45583333333333,4.83355555555556,2.72,6.09333333333333,4.11888888888889,4.16285714285714,3.4175
"AT1G58320",9.57285714285714,0.155,0.137142857142857,0,2.16708333333333,1.18044444444444,0.4,1.01666666666667,3.85666666666667,4.95857142857143,7.9925
"AT1G53610",18.7757142857143,1.645,2.10857142857143,2.85333333333333,8.06166666666667,4.54288888888889,1.275,15.3733333333333,12.2188888888889,15.4614285714286,16.6
"AT2G33550",19.0628571428571,9.005,7.29857142857143,10.44,15.31875,11.6495555555556,7.7,15.4133333333333,14.5833333333333,16.5871428571429,14.43
"AT3G28580",6.90714285714286,3.81,1.48,1.48333333333333,3.56458333333333,2.55533333333333,2.45,1.25333333333333,1.83777777777778,2.14571428571429,0.7875
"AT3G06390",19.7042857142857,9.615,7.6,9.06666666666667,10.27625,12.2671111111111,3.215,18.43,11.5555555555556,14.5985714285714,12.4825
"AT5G38700",7.19142857142857,3.225,1.00142857142857,0.333333333333333,4.85666666666667,2.83488888888889,1.895,2.48333333333333,1.53444444444444,1.59142857142857,1.8325
"AT3G18400",8.65285714285714,0.68,1.91714285714286,2.05,6.02625,3.212,3.13,5.56333333333333,3.53555555555556,4.48285714285714,3.83
"AT4G17615",24.9371428571429,22.275,9.37857142857143,4.73333333333333,21.6583333333333,22.6933333333333,14.44,18.9233333333333,15.1555555555556,13.0128571428571,13.5325
"AT3G44720",32.8257142857143,20.81,18.1171428571429,18.54,30.1041666666667,30.7231111111111,25.045,24.9833333333333,28.5855555555556,29.1457142857143,19.8475
"AT3G60270",4.55285714285714,0.03,0.494285714285714,1.02333333333333,0.419166666666667,0.182,0.195,0.276666666666667,0.217777777777778,0.28,0.3475
"AT1G67110",8.46142857142857,0.515,3.42428571428571,3.01333333333333,4.84833333333333,3.96288888888889,5.88,4.95333333333333,3.33666666666667,3.85857142857143,4.0275
"AT2G26480",5.93857142857143,0.33,0.577142857142857,0.873333333333333,2.94166666666667,1.63866666666667,0.54,2.19,1.77555555555556,2.25857142857143,2.2925
"AT5G43780",97.07,28.515,39.7657142857143,26.6933333333333,83.6554166666667,80.2284444444444,50.94,96.28,65.8366666666667,65.2714285714286,61.515
"AT5G19110",11.2085714285714,4.6,4.53857142857143,4.35,9.66541666666667,7.64311111111111,5.065,7.77333333333333,4.05555555555556,3.62571428571429,3.515
"AT2G27389",8.81857142857143,2.09,2.3,0.4,6.05541666666667,5.06222222222222,5.015,6.62666666666667,2.86444444444444,3.17571428571429,2.88
"AT1G78780",23.1242857142857,4.985,2.69571428571429,3.80333333333333,9.65375,22.3684444444444,2.205,12.9633333333333,9.01111111111111,10.9657142857143,10.355
"AT1G16850",14.9471428571429,10.995,4.78714285714286,2.24666666666667,12.4104166666667,13.2613333333333,9.67,9.7,8.17111111111111,7.87,7.18
"AT2G31180",5.78142857142857,0.735,0.904285714285714,0.373333333333333,2.8975,2.118,1.255,2.74666666666667,1.48777777777778,1.55571428571429,1.6475
"AT3G05690",12.4414285714286,6.99,6.95428571428571,11.3766666666667,7.46958333333333,7.43977777777778,4,6.73,5.59888888888889,5.90714285714286,5.7425
"AT1G62975",32.1014285714286,3.36,10.1757142857143,2.34666666666667,12.68,7.75888888888889,15.26,31.46,12.4244444444444,11.0957142857143,10.555
"AT1G76952",9.57857142857143,1.555,3.24857142857143,3.63,6.90875,4.41955555555556,4.325,7.64,4.74,5.80714285714286,4.5575
"AT5G15130",18.3628571428571,0.675,6.36428571428571,2.30333333333333,13.935,7.52266666666667,12.195,16.34,11.1777777777778,12.4828571428571,16.6875
"AT2G36650",7.49857142857143,1.62,1.20285714285714,1.19,5.91083333333333,3.62177777777778,1.19,3.57,2.53666666666667,2.94142857142857,3.1375
"AT5G06300",32.9042857142857,4.675,10.7085714285714,3.43333333333333,21.5270833333333,12.3588888888889,16.08,32.2766666666667,16.5111111111111,16.1042857142857,17.34
"AT5G43420",11.2028571428571,5.81,3.72428571428571,4.44333333333333,9.62416666666667,7.97533333333333,4.655,7.22,5.65888888888889,6.59714285714286,6.3775
"AT1G50590",8.81142857142857,2.795,1.91857142857143,1.94666666666667,6.32375,7.25177777777778,2.23,2.40666666666667,4,4.07,3.955
"AT2G18150",34.0771428571429,4.775,15.9157142857143,23.8866666666667,33.0154166666667,17.068,16.48,31.86,19.5911111111111,24.29,20.9925
"AT3G24520",17.0657142857143,10.47,5.97,5.22666666666667,15.6091666666667,12.1124444444444,8.44,13.2633333333333,11.9044444444444,13.3928571428571,13.8625
"AT4G25310",6.15428571428571,0.34,1.03428571428571,1.25666666666667,4.62958333333333,2.49977777777778,1.01,2.61666666666667,1.05666666666667,1.13,0.8475
"AT1G19180",107.8,103.17,33.87,7.70333333333333,63.7108333333333,107.225777777778,66.84,58.3533333333333,44.2133333333333,25.6714285714286,20.2875
"AT1G65484",6.18428571428571,2.82,2.34285714285714,3.43333333333333,2.97666666666667,1.83688888888889,2.1,0.85,2.21888888888889,2.63571428571429,1.945
"AT2G26820",9.52285714285714,0.15,0.952857142857143,0.83,5.54875,2.97155555555556,1.69,8.02,5.38444444444444,6.81857142857143,6.4775
"AT1G30760",24.29,1.17,10.6128571428571,4.07666666666667,11.8033333333333,11.5928888888889,16.075,23.9066666666667,10.6588888888889,9.40285714285714,12.1425
"AT5G03995",21.4157142857143,5.31,14.9557142857143,16.42,20.0595833333333,11.5648888888889,19.97,12.7166666666667,13.6366666666667,12.9857142857143,13.28
"AT1G14480",7.06,3.455,2.46142857142857,2.3,5.39958333333333,4.04466666666667,2.79,3.21,2.78777777777778,2.18714285714286,2.075
"AT1G13340",11.6185714285714,7.3,2.38285714285714,2.15333333333333,9.1425,10.2062222222222,2.98,7.28,7.78888888888889,8.45714285714286,5.7275
"AT3G03670",4.06285714285714,0.075,0.385714285714286,0.55,1.53458333333333,0.799555555555556,0.475,0.35,0.245555555555556,0.301428571428571,0.515
"AT2G22190",12.4385714285714,9.11,4.73285714285714,6.80666666666667,8.40083333333333,6.77111111111111,6.085,0.653333333333333,8.68888888888889,10.3785714285714,11.06
"AT1G29020",4.70428571428571,0.075,1.18285714285714,1.44666666666667,2.9,1.51022222222222,1.405,1.10666666666667,0.326666666666667,0.267142857142857,0.35
"AT3G47790",4.66428571428571,0.26,0.622857142857143,0.94,1.67875,0.887333333333333,0.7,1.92666666666667,1.51,1.92571428571429,1.9675
"AT1G69580",16.0657142857143,5.445,7.38714285714286,9.21,14.39875,14.9697777777778,7.5,11.0133333333333,11.2133333333333,12.1657142857143,12.9825
"AT2G44480",5.59,2.7,0.728571428571429,0.556666666666667,2.35708333333333,3.20666666666667,0.975,3.20333333333333,2.23222222222222,2.65,2.5625
"AT3G55910",8.14142857142857,2.635,2.04857142857143,0.39,3.00541666666667,6.86577777777778,3.055,6.13666666666667,4.10666666666667,4.27142857142857,5.785
"AT5G24920",5.81428571428571,4.36,1.95142857142857,2.1,2.18708333333333,2.43266666666667,1.685,2.24333333333333,2.38333333333333,2.41714285714286,2.2575
"AT1G78120",13.9571428571429,2.51,5.79714285714286,7.49,13.8495833333333,8.55911111111111,6.66,9.06333333333333,7.85888888888889,9.27142857142857,10.0825
"AT1G16530",8.6,2.07,2.50142857142857,3.21,6.39625,6.86044444444444,3.555,6.19,5.00444444444444,6.17714285714286,5.6425
"AT5G05250",18.7571428571429,13.325,15.88,17.7733333333333,15.1983333333333,14.3713333333333,17.45,6.77,12.5777777777778,13.5257142857143,6.8975
"AT1G15540",3.20142857142857,0.055,0.227142857142857,0.39,0.345833333333333,0.165555555555556,0.175,0.183333333333333,0.105555555555556,0.125714285714286,0.1575
"AT3G25790",8.95857142857143,0.375,4.17285714285714,5.73666666666667,8.69166666666667,4.58844444444444,5.035,5.88333333333333,3.91444444444444,4.82285714285714,4.6575
"AT3G63380",9.79714285714286,5.135,3.33285714285714,1.55,5.97333333333333,8.74088888888889,5.29,8.43333333333333,5.68222222222222,5.94428571428571,7.3675
"AT5G16570",9.17857142857143,9.14,2.06571428571429,2.29666666666667,4.38166666666667,6.49644444444444,2.77,2.49666666666667,5.24,5.02714285714286,4.775
"AT1G23140",9.30571428571429,3.31,5.34,7.66,7.75625,5.72222222222222,4.01,6.52666666666667,6.32333333333333,7,5.405
"AT2G31085",4.84,1.26,1.47571428571429,0.29,3.13666666666667,2.14977777777778,1.735,3.58,1.50444444444444,1.34571428571429,1.2375
"AT3G50900",21.2857142857143,8.75,11.6057142857143,6.01333333333333,19.89,18.0486666666667,19.83,20.6466666666667,12.3055555555556,10.2285714285714,8.8675
"AT1G21140",10.0485714285714,2.085,3.71857142857143,7.36666666666667,9.00041666666667,6.23911111111111,1.115,9.15,5.93333333333333,7.22571428571429,5.58
"AT1G13480",4.79857142857143,1.945,1.94285714285714,1.25333333333333,2.01875,1.21577777777778,3.3,3.33,1.09444444444444,0.954285714285714,1.3
"AT3G07600",6.36714285714286,1.2,0.917142857142857,1.15666666666667,5.72125,3.75622222222222,0.87,3.86333333333333,3.22222222222222,3.93428571428571,3.8375
"AT3G26590",20.66,6.745,6.88,6.29666666666667,19.1833333333333,19.9304444444444,9.96,19.27,16.0744444444444,18.0357142857143,13.22
"AT2G45360",8.23285714285714,0.37,1.76142857142857,0.683333333333333,6.58208333333333,3.99711111111111,2.49,8.14333333333333,4.21444444444444,4.58857142857143,4.3175
"AT3G29430",3.37428571428571,0.07,0.221428571428571,0.253333333333333,1.87,0.994,0.34,0.766666666666667,0.487777777777778,0.621428571428571,0.5225
"AT1G11960",11.8442857142857,11.835,3.88,3.04333333333333,8.30166666666667,10.3295555555556,5.485,6.11666666666667,8.3,5.88142857142857,5.705
"AT4G13420",3.56285714285714,0.325,1.35428571428571,2.14,1.06958333333333,0.521777777777778,1.03,0.673333333333333,0.247777777777778,0.264285714285714,0.14
"AT5G11920",5.86571428571429,1.12,2.38428571428571,2.27,4.245,2.48711111111111,3.415,4.42666666666667,3.17777777777778,3.41428571428571,2.6825
"AT4G33985",12.5285714285714,12.235,4.55285714285714,3.63666666666667,10.6241666666667,10.1584444444444,4.945,10.7833333333333,7.73555555555556,6.15285714285714,4.2175
"AT4G39950",59.35,30.65,30.7757142857143,31.29,58.65625,39.4002222222222,45.09,53.11,52.3233333333333,56.8514285714286,59.085
"AT3G13432",7.06571428571429,1.15,1.94857142857143,0.496666666666667,6.62708333333333,3.63711111111111,3.055,5.97,3.14777777777778,3.30142857142857,3.8675
"AT1G60095",4.68857142857143,0.3,0.51,0.596666666666667,4.0675,2.15266666666667,0.595,2.46333333333333,1.59555555555556,2,1.815
"AT2G42250",5.24,0.31,1.66285714285714,2.02666666666667,3.34916666666667,2.21888888888889,1.985,4.28333333333333,2.36777777777778,2.84142857142857,2.775
"AT5G11650",22.0214285714286,19.605,9.68428571428571,8.47666666666667,21.5229166666667,19.6906666666667,10.815,20.26,20.4888888888889,15.5585714285714,13.01
"AT1G34670",7.11714285714286,0.36,2.56428571428571,2.51333333333333,5.77208333333333,3.01155555555556,4.585,6.04333333333333,4.21111111111111,5.3,5.065
"AT4G25410",5.36,1.455,1.99714285714286,0.456666666666667,2.74083333333333,1.632,3.335,5.19,2.33222222222222,2.15714285714286,2.2325
"AT2G37440",4.63142857142857,0.335,1.08857142857143,1.2,3.42291666666667,1.84888888888889,1.315,3.3,2.08444444444444,2.55285714285714,2.5
"AT5G23100",8.05714285714286,5.18,5.21142857142857,5.69666666666667,6.80291666666667,5.77155555555556,7.055,3.42333333333333,4.67555555555556,4.90571428571429,5.69
"AT1G73210",5.94428571428571,2.505,2.40142857142857,2.28666666666667,4.7475,5.35511111111111,2.6,3.66,2.84888888888889,2.67142857142857,3.455
"AT5G22555",4.10142857142857,0.21,2.14857142857143,3.27333333333333,2.57375,1.22444444444444,2.015,1.51333333333333,0.618888888888889,0.625714285714286,1.095
"AT1G35560",12.1242857142857,7.425,8.13142857142857,8.94666666666667,8.94208333333333,7.87977777777778,11.365,6.45,10.4311111111111,11.3885714285714,10.06
"AT2G28710",7.33,1.825,1.23714285714286,1,6.63458333333333,5.67888888888889,1.845,6.45666666666667,4.82333333333333,5.55142857142857,4.895
"AT3G47820",10.3457142857143,9.035,4.97857142857143,3.26,8.17875,7.49355555555556,9.955,5.41666666666667,8.27444444444444,8.55714285714286,6.905
"AT1G49030",3.64142857142857,0.13,0.624285714285714,0.44,3.39416666666667,1.84133333333333,0.765,1.87333333333333,0.866666666666667,0.891428571428571,0.8075
"AT5G37450",2.45714285714286,0.11,0.458571428571429,0.79,0.551666666666667,0.329777777777778,0.195,0.333333333333333,0.227777777777778,0.207142857142857,0.2225
"AT1G72140",8.12857142857143,2.04,2.07571428571429,2.17333333333333,5.80083333333333,3.67377777777778,1.655,7.8,5.96555555555556,6.97,7.3225
"AT1G68470",5.92857142857143,1.725,2.28714285714286,1.96333333333333,3.7725,4.09244444444444,4.655,3.27666666666667,3.87666666666667,4.57285714285714,4.835
"AT5G04980",6.08142857142857,4.81,2.05285714285714,2.24666666666667,3.56458333333333,5.50333333333333,2.36,3.8,3.96555555555556,4.20428571428571,4.1825
"AT1G78360",2.32285714285714,0.15,0.272857142857143,0.42,0.75,0.4,0.23,0.223333333333333,0.164444444444444,0.201428571428571,0.285
"AT1G24430",5.00714285714286,0.595,1,1.56,3.95541666666667,2.09311111111111,0.89,4.41,2.96333333333333,3.79857142857143,3.37
"AT3G47220",3.96428571428571,0.56,1.06428571428571,0.54,3.6975,2.49355555555556,1.48,2.79333333333333,1.28777777777778,1.13857142857143,1.01
"AT5G38910",2.85714285714286,0.405,0.971428571428571,1.33,0.777083333333333,0.384444444444444,1.405,0.56,0.675555555555556,0.868571428571429,1.165
"AT1G53950",3.91285714285714,0.705,1.12142857142857,1.08333333333333,2.65666666666667,1.51822222222222,0.88,2.81,1.98333333333333,2.34571428571429,2.5525
"AT5G41280",2.74428571428571,0.265,0.605714285714286,0.3,1.97958333333333,1.06911111111111,0.99,1.07666666666667,0.221111111111111,0.125714285714286,0.13
"AT3G62210",2.63428571428571,0.32,0.687142857142857,0.69,1.64291666666667,0.856,1.045,0.576666666666667,0.271111111111111,0.265714285714286,0.3725
"AT1G49000",4.30428571428571,3.01,1.31428571428571,1.17,2.03666666666667,3.30155555555556,2.08,2.16333333333333,2.86,2.52285714285714,2.2975
"AT3G12720",3.63142857142857,0.285,0.787142857142857,1.10333333333333,2.23625,1.15311111111111,1.015,2.67666666666667,1.89555555555556,2.43714285714286,2.2575
"AT1G54950",2.31571428571429,0,0.388571428571429,0,0.545833333333333,0.303111111111111,1.15,0.906666666666667,0.252222222222222,0.264285714285714,0.4625
"AT2G48090",8.69428571428571,2.865,3.95714285714286,2.92333333333333,7.96166666666667,7.42933333333333,6.005,8.47666666666667,5.96888888888889,6.57857142857143,6.975
"AT1G67150",2.42,0.135,0.438571428571429,0.206666666666667,1.18375,0.644444444444444,0.815,0.923333333333333,0.346666666666667,0.351428571428571,0.3925
"AT3G55790",2.54571428571429,0.08,0.0571428571428571,0,0.390833333333333,0.222222222222222,0,0.133333333333333,0.988888888888889,1.21428571428571,2.125
"AT2G31081",2.39571428571429,0,0.432857142857143,0.29,1.39,0.754444444444444,0.825,0.81,0.22,0.21,0.135
"AT4G02830",6.13571428571429,0.26,1.97,0.806666666666667,4.81541666666667,2.68755555555556,4.455,5.67666666666667,4.03555555555556,4.79428571428571,5.3175
"AT1G04490",2.96,0.655,0.317142857142857,0.27,2.57708333333333,1.738,0.37,0.87,1.07111111111111,0.97,0.92
"AT2G24720",2.29285714285714,0.06,0.282857142857143,0.596666666666667,0.8225,0.414888888888889,0.08,0.796666666666667,0.504444444444444,0.644285714285714,0.5475
"AT2G42140",2.30857142857143,0.345,0.381428571428571,0.353333333333333,0.862916666666667,0.503777777777778,0.55,0.67,0.518888888888889,0.61,0.77
"AT1G80320",4.3,2.17,1.52285714285714,0.113333333333333,2.90416666666667,2.76755555555556,2.66,4.13,2.48,1.83285714285714,1.79
"AT4G00940",8.57714285714286,2.375,4.33714285714286,3.56666666666667,8.0525,5.21133333333333,6.77,8.57333333333333,6.50666666666667,7.02428571428571,6.7825
"AT1G13500",2.10857142857143,0.045,0.17,0,0.785,0.433555555555556,0.405,0.676666666666667,0.38,0.434285714285714,0.48
"AT1G65680",1.98285714285714,0.025,0.15,0.333333333333333,0.815416666666667,0.426222222222222,0.025,0.21,0.232222222222222,0.298571428571429,0.365
"AT3G15990",6.25714285714286,1.075,2.64571428571429,3.18,4.44708333333333,6.25333333333333,2.465,5.36666666666667,4.41,4.89,4.76
"AT3G32040",3.66571428571429,0.205,1.05,1.73666666666667,2.78208333333333,1.47933333333333,0.68,3.14,1.92666666666667,2.41857142857143,2.0675
"AT1G35240",1.80714285714286,0.275,0.0185714285714286,0,0.347916666666667,0.205777777777778,0.065,0.0833333333333333,0.108888888888889,0.14,0.19
"AT5G39720",2.07714285714286,0.62,0.238571428571429,0.18,0.675,0.519777777777778,0.115,0.823333333333333,0.664444444444444,0.632857142857143,0.445
"AT2G44340",2.88428571428571,0.065,1.04285714285714,1.27666666666667,1.41875,0.732444444444444,1.01,2.49333333333333,1.23888888888889,1.38571428571429,1.3625
"AT1G53620",2.60571428571429,0.12,0.178571428571429,0.173333333333333,2.09625,1.44066666666667,0.365,1.76333333333333,1.10777777777778,1.33857142857143,0.235
"AT1G65481",2.87142857142857,0.45,0.847142857142857,0.466666666666667,1.13458333333333,0.992888888888889,1.9,0.63,1.35333333333333,1.63571428571429,2.45
"AT5G09290",4.10857142857143,1.6,2.03571428571429,1.90333333333333,3.06666666666667,1.98488888888889,2.345,3.81333333333333,2.71333333333333,2.75285714285714,2.0175
"AT2G31082",1.75857142857143,0.14,0.105714285714286,0,0.710416666666667,0.392,0.145,0.26,0.211111111111111,0.247142857142857,0.1775
"AT4G28405",2.42714285714286,1.525,0.718571428571429,0,1.14541666666667,0.727555555555556,2.03,0.676666666666667,0.371111111111111,0.338571428571429,0.5925
"AT3G51350",4.75857142857143,0.55,2.85,3.68333333333333,4.32708333333333,2.53555555555556,2.935,4.55666666666667,2.52444444444444,2.81571428571429,2.68
"AT1G58170",5.04857142857143,1.155,2.36285714285714,2.71,3.89916666666667,3.07511111111111,3.12,4.18,3.77222222222222,4.38142857142857,4.395
"AT4G26050",1.96714285714286,0.215,0.227142857142857,0.393333333333333,1.2575,0.717555555555556,0.135,0.39,0.403333333333333,0.44,0.4625
"AT2G43890",2.27571428571429,0.06,0.0142857142857143,0,1.99958333333333,1.83644444444444,0.035,0.673333333333333,0.456666666666667,0.582857142857143,0.5325
"AT1G13510",2.90714285714286,0.235,0.61,0.36,2.18125,1.17488888888889,0.925,2.79666666666667,1.41,1.62142857142857,1.28
"AT5G06900",1.79,0.03,0.141428571428571,0.24,0.611666666666667,0.354888888888889,0.135,0.63,0.423333333333333,0.544285714285714,0.4375
"AT4G35270",6.49857142857143,4.75,3.13285714285714,3.65333333333333,5.54208333333333,5.22355555555556,4.225,3.52666666666667,5.33888888888889,6.13714285714286,6.06
"AT2G30660",1.85285714285714,1.47,0.447142857142857,0.73,0.37875,0.214,0.21,0.236666666666667,0.0988888888888889,0.0528571428571429,0.0925
"AT2G24130",1.63857142857143,0.085,0.207142857142857,0,0.538333333333333,0.295777777777778,0.38,0.473333333333333,0.277777777777778,0.258571428571429,0.4525
"AT5G11590",2.65428571428571,1.205,1.32428571428571,2.53333333333333,1.14583333333333,1.60333333333333,0.495,0.513333333333333,1.02444444444444,1.23428571428571,1.2275
"AT4G33450",2.05142857142857,0.215,0.574285714285714,0.87,0.721666666666667,0.345333333333333,0.585,1.34333333333333,0.785555555555556,1.01,0.76
"AT4G21903",4.02714285714286,1.425,1.59857142857143,1.77666666666667,2.64625,2.07577777777778,1.77,3.82,3.17555555555556,3.52142857142857,3.145
"AT1G70920",2.74857142857143,0.9,0.737142857142857,0.74,1.4925,1.89511111111111,0.915,1.67666666666667,1.54,1.75571428571429,2.1175
"AT5G20470",1.80285714285714,0.11,0.364285714285714,0.28,0.831666666666667,0.431111111111111,0.55,0.863333333333333,0.466666666666667,0.521428571428571,0.58
"AT5G38350",2.58857142857143,0.39,0.85,0.233333333333333,1.8825,1.604,1.51,2.24333333333333,1.06888888888889,1.05285714285714,1.3175
"AT5G42010",4.03,1.345,1.60571428571429,1.54666666666667,3.63958333333333,2.638,1.935,3.31,2.72444444444444,3.05857142857143,3.6825
"AT1G21210",1.84285714285714,0.17,0.555714285714286,0.42,0.987083333333333,0.665111111111111,0.855,0.826666666666667,0.43,0.368571428571429,0.475
"AT1G08100",1.25857142857143,0.115,0,0,0.0416666666666667,0.0268888888888889,0,0,0,0,0
"AT2G31083",3.85,0.78,1.08714285714286,0.66,3.48541666666667,2.348,1.665,3.75666666666667,2.5,3.10857142857143,3.0675
"AT5G28510",1.67,0.05,0.212857142857143,0.143333333333333,0.74125,0.641555555555556,0.395,0.513333333333333,0.427777777777778,0.511428571428571,0.595
"AT3G46650",1.81285714285714,0.44,0.281428571428571,0.41,1.29166666666667,0.705555555555556,0.32,0.44,0.457777777777778,0.554285714285714,0.6525
"AT1G66930",2.71714285714286,0.74,1.58428571428571,1.50333333333333,1.45291666666667,0.964444444444444,2.405,1.86666666666667,1.33555555555556,1.08285714285714,1.2
"AT1G21528",1.46428571428571,0,0.387142857142857,0.113333333333333,0.2475,0.358888888888889,0.585,0.62,0.151111111111111,0.0228571428571429,0.04
"AT4G33710",1.18428571428571,0,0,0,0.01125,0.0106666666666667,0,0,0,0,0
"AT5G40000",1.83428571428571,0.485,0.26,0.133333333333333,1.63125,1.15866666666667,0.515,0.406666666666667,0.337777777777778,0.378571428571429,0.5375
"AT2G04190",1.41142857142857,0.125,0.222857142857143,0.46,0.511666666666667,0.454666666666667,0,0.273333333333333,0.107777777777778,0.112857142857143,0.0375
"AT5G07390",3.21,0.235,0.885714285714286,0.766666666666667,2.47666666666667,1.34644444444444,1.285,3.13333333333333,2.09888888888889,2.50857142857143,2.885
"AT3G52970",1.4,0,0.0471428571428571,0,0.135,1.08022222222222,0.095,0.313333333333333,0.132222222222222,0.15,0.0725
"AT1G26410",1.81571428571429,0.81,0.232857142857143,0.176666666666667,0.841666666666667,0.553777777777778,0.52,0.56,0.723333333333333,0.885714285714286,1.1625
"AT5G06755",1.86857142857143,0.52,0.61,0.183333333333333,0.959166666666667,0.601333333333333,0.95,0.966666666666667,0.852222222222222,0.651428571428571,1.14
"AT2G21400",1.37857142857143,0.13,0.138571428571429,0.06,0.629166666666667,0.356444444444444,0.235,0.393333333333333,0.222222222222222,0.24,0.3225
"AT4G37060",1.88142857142857,0.015,0.735714285714286,0.0233333333333333,0.512083333333333,0.275555555555556,1.56,1.77666666666667,0.61,0.504285714285714,0.7775
"AT1G54095",2.35571428571429,0.275,0.81,0.91,1.56625,1.36066666666667,0.87,2.15666666666667,1.23111111111111,1.43428571428571,1.4675
"AT4G21200",1.91714285714286,1.27,0.675714285714286,0.196666666666667,1.01375,1.50133333333333,1.575,0.546666666666667,0.285555555555556,0.295714285714286,0.26
"AT2G38300",3.98714285714286,3.085,2.46714285714286,2.65,3.58,2.40022222222222,3.87,1.45333333333333,2.61444444444444,2.80857142857143,3.2575
"AT1G51915",1.25,0.055,0.172857142857143,0,0.464166666666667,0.260666666666667,0.535,0.363333333333333,0.14,0.16,0.28
"AT2G14510",1.70285714285714,0.015,0.242857142857143,0.22,1.28083333333333,0.680222222222222,0.395,1.14666666666667,0.768888888888889,0.952857142857143,0.9775
"AT1G64195",1.54285714285714,0.4,0.381428571428571,0.476666666666667,1.01666666666667,0.687555555555556,0.245,0.95,0.447777777777778,0.468571428571429,0.365
"AT1G63820",2.12571428571429,0.915,1.08714285714286,1.01,1.52208333333333,0.949333333333333,1.685,1.17333333333333,0.934444444444444,1.01142857142857,1.2325
"AT3G04220",1.61285714285714,0.535,0.31,0.276666666666667,1.33083333333333,1.11133333333333,0.335,0.5,0.881111111111111,0.752857142857143,0.3325
"AT5G37478",2.41571428571429,0.285,0.88,1.2,2.21958333333333,1.49422222222222,0.64,1.98333333333333,1.50666666666667,1.77428571428571,1.86
"AT4G20210",1.70428571428571,0.08,0.488571428571429,0.493333333333333,1.55291666666667,0.828444444444444,0.585,1.31,0.64,0.725714285714286,0.6525
"AT3G15250",1.86285714285714,0.56,0.978571428571429,1.24333333333333,1.15958333333333,0.645777777777778,0.85,1.14666666666667,0.841111111111111,1.03,1.0925
"AT5G39100",1.31714285714286,0.105,0.492857142857143,0.41,0.37625,0.233777777777778,0.595,0.69,0.406666666666667,0.375714285714286,0.635
"AT1G24405",2.33,0.645,0.768571428571429,1.16,2.16916666666667,1.47311111111111,0.48,2.17666666666667,1.52888888888889,1.76428571428571,1.3325
"AT4G16920",2.65714285714286,0.875,1.05142857142857,1.06666666666667,2.63,1.93533333333333,1.235,1.96666666666667,1.76,1.96142857142857,2.305
"AT1G52800",2.01,1.32,0.478571428571429,0.853333333333333,1.25833333333333,0.872666666666667,0.345,0.52,1.70888888888889,1.98428571428571,1.13
"AT1G52790",1.35571428571429,0.34,0.255714285714286,0.11,0.759583333333333,0.562,0.375,0.79,0.493333333333333,0.492857142857143,0.565
"AT4G23340",1.34142857142857,0.52,0.254285714285714,0.326666666666667,0.665,0.721111111111111,0.185,0.49,0.473333333333333,0.52,0.57
"AT3G47050",1.46428571428571,0.02,0.491428571428571,0.916666666666667,1.09541666666667,0.603333333333333,0.175,0.723333333333333,0.574444444444444,0.661428571428571,0.495
"AT3G20360",1.35857142857143,0.035,0.551428571428571,0.31,0.75,0.417333333333333,0.86,0.95,0.294444444444444,0.205714285714286,0.36
"AT3G60090",1.03428571428571,0,0.0928571428571428,0.193333333333333,0.348333333333333,0.185777777777778,0,0.433333333333333,0.195555555555556,0.241428571428571,0.115
"AT5G41300",1.55428571428571,0.02,0.507142857142857,0,1.48416666666667,0.797333333333333,0.94,1.35666666666667,0.444444444444444,0.332857142857143,0.3375
"AT2G22760",1.42571428571429,0.87,0.254285714285714,0.09,1.30416666666667,1.25822222222222,0.22,0.523333333333333,0.44,0.0685714285714286,0.08
"AT5G43770",1.31428571428571,0.045,0.27,0.51,0.98625,0.556,0.18,0.65,0.382222222222222,0.491428571428571,0.4625
"AT2G34850",1.92142857142857,0.835,0.425714285714286,0.49,1.65791666666667,1.90977777777778,0.575,0.766666666666667,1.13111111111111,1.19428571428571,1.2125
"AT5G24220",1.09,0.07,0.177142857142857,0.0266666666666667,0.235,0.134222222222222,0.385,0.39,0.354444444444444,0.41,0.65
"AT1G35242",0.875714285714286,0.11,0.0728571428571429,0.08,0.233333333333333,0.126,0.135,0.05,0,0,0
"AT1G16150",1.64285714285714,0.265,0.5,0.546666666666667,1.49291666666667,0.921777777777778,0.57,0.976666666666667,0.787777777777778,0.902857142857143,1.1825
"AT4G36000",1.43285714285714,0.37,0.538571428571429,0.1,0.6775,0.495777777777778,1.015,1.42333333333333,0.582222222222222,0.444285714285714,0.465
"AT2G05580",1.12857142857143,0.045,0.324285714285714,0,0.277916666666667,0.205111111111111,0.76,0.93,0.274444444444444,0.258571428571429,0.2525
"AT1G04445",1.22,0.935,0.0657142857142857,0,0.977916666666667,0.837777777777778,0.17,0.263333333333333,0.244444444444444,0.297142857142857,0.4
"AT3G55700",1.70571428571429,0.22,0.85,1.05333333333333,1.52916666666667,1.08377777777778,1.08,0.813333333333333,0.791111111111111,0.905714285714286,0.8275
"AT1G04330",2.71714285714286,0.52,1.61,2.19666666666667,2.28916666666667,2.06955555555556,1.565,2.67666666666667,1.78,2.10714285714286,1.91
"AT1G29000",1.90142857142857,0.045,0.632857142857143,0.713333333333333,1.51708333333333,0.802888888888889,1.145,1.56666666666667,1.22333333333333,1.57285714285714,1.5925
"AT5G22240",1.70571428571429,1.085,0.675714285714286,0.5,1.2775,0.864222222222222,1.31,0.283333333333333,1.00444444444444,1.08571428571429,1.3225
"AT1G02440",1.31,0.305,0.445714285714286,0,0.74875,0.611777777777778,1.225,0.683333333333333,0.832222222222222,0.6,0.27
"AT3G51360",2.07285714285714,0.105,0.654285714285714,0.82,2.02833333333333,1.25977777777778,0.86,1.96666666666667,1.38555555555556,1.74142857142857,1.815
"AT3G13840",1.09285714285714,0.015,0.378571428571429,0.786666666666667,0.6875,0.370888888888889,0.145,0.326666666666667,0.318888888888889,0.41,0.435
"AT1G26200",1.55,0.885,0.705714285714286,0.516666666666667,1.11083333333333,0.806,0.825,1.17,1.11444444444444,0.957142857142857,0.575
"AT3G11591",3.11714285714286,3.09,1.80571428571429,2.43333333333333,2.58583333333333,3.03044444444444,1.49,2.5,2.16,2.40428571428571,2.5125
"AT1G24420",0.96,0.085,0.0885714285714286,0.0266666666666667,0.614166666666667,0.357555555555556,0.225,0.663333333333333,0.375555555555556,0.445714285714286,0.2175
"AT1G68040",0.788571428571429,0,0.0142857142857143,0,0.4325,0.241333333333333,0.05,0.2,0.184444444444444,0.237142857142857,0.25
"AT4G01535",0.741428571428571,0,0.0685714285714286,0,0.330833333333333,0.431555555555556,0.24,0.09,0,0,0
"AT3G05770",0.852857142857143,0.04,0.231428571428571,0.0433333333333333,0.590416666666667,0.373333333333333,0.49,0.233333333333333,0.112222222222222,0.0828571428571429,0.135
"AT5G36960",1.38,0.24,0.605714285714286,0.863333333333333,1.3725,0.876888888888889,0.57,0.646666666666667,0.644444444444444,0.755714285714286,1.0125
"AT3G63360",0.775714285714286,0,0.172857142857143,0,0.50625,0.346888888888889,0.495,0.153333333333333,0.0244444444444444,0,0
"AT3G08700",1.00714285714286,0.515,0.475714285714286,0.633333333333333,0.693333333333333,0.452888888888889,0.435,0.526666666666667,0.146666666666667,0.137142857142857,0.025
"AT3G45180",1.09,0.58,0.397142857142857,0.646666666666667,0.767916666666667,0.583333333333333,0.275,0.823333333333333,0.294444444444444,0.337142857142857,0.1825
"AT5G42965",1.55,1.425,0.651428571428571,0.293333333333333,1.18666666666667,1.074,1.2,1.08333333333333,0.687777777777778,0.701428571428571,1
"AT1G80730",1.51857142857143,0.56,0.668571428571429,0.54,1.12625,0.96,1.075,1.10333333333333,0.966666666666667,1.05428571428571,1.1375
"AT3G46190",0.89,0,0.388571428571429,0.476666666666667,0.292083333333333,0.144222222222222,0.415,0.476666666666667,0.25,0.255714285714286,0.3825
"AT4G37780",1.16428571428571,0.225,0.411428571428571,0.233333333333333,1.06958333333333,0.619777777777778,0.805,1.04666666666667,0.448888888888889,0.468571428571429,0.2375
"AT5G43890",1.37857142857143,0.785,0.685714285714286,0.77,1.34583333333333,0.767111111111111,0.775,0.816666666666667,0.807777777777778,0.715714285714286,0.645
"AT1G44180",1.30857142857143,0.19,0.6,0.606666666666667,0.910416666666667,0.476,0.865,1.09666666666667,0.756666666666667,0.895714285714286,0.94
"AT2G17050",0.87,0.06,0.104285714285714,0.0933333333333333,0.653333333333333,0.357777777777778,0.195,0.453333333333333,0.37,0.46,0.4925
"AT3G45130",1.39,0.265,0.284285714285714,0.0966666666666667,1.3075,0.943111111111111,0.58,1.34666666666667,0.986666666666667,1.17714285714286,1.155
"AT4G30830",1.10428571428571,0.615,0.422857142857143,0.776666666666667,0.831666666666667,0.752,0.2,0.326666666666667,0.572222222222222,0.621428571428571,0.6925
"AT3G26820",0.771428571428571,0.18,0.0828571428571429,0.03,0.3175,0.186222222222222,0.13,0.383333333333333,0.34,0.404285714285714,0.5025
"AT1G67000",0.937142857142857,0.765,0.06,0.0733333333333333,0.5525,0.512888888888889,0.1,0.00666666666666667,0.721111111111111,0.791428571428571,0.59
"AT1G16160",1.14,0.045,0.318571428571429,0.07,1.05958333333333,0.585333333333333,0.615,0.87,0.681111111111111,0.762857142857143,1.135
"AT4G37950",0.657142857142857,0,0.0571428571428571,0.113333333333333,0.44125,0.262222222222222,0.03,0.12,0.178888888888889,0.23,0.3125
"AT1G11460",0.89,0.28,0.244285714285714,0.233333333333333,0.76375,0.448666666666667,0.25,0.65,0.416666666666667,0.485714285714286,0.4225
"AT1G61480",1.07571428571429,0.07,0.261428571428571,0.453333333333333,0.762916666666667,0.413777777777778,0.19,0.973333333333333,0.747777777777778,0.952857142857143,0.975
"AT4G26560",0.674285714285714,0.075,0.127142857142857,0,0.395416666666667,0.238666666666667,0.255,0.523333333333333,0.173333333333333,0.168571428571429,0.125
"AT5G06905",0.49,0,0.0228571428571429,0,0.140833333333333,0.0775555555555556,0.045,0.106666666666667,0.0355555555555556,0.0357142857142857,0
"AT4G11480",0.791428571428571,0.405,0.254285714285714,0.266666666666667,0.39875,0.309111111111111,0.22,0.496666666666667,0.336666666666667,0.355714285714286,0.4325
"AT4G37295",1.47428571428571,1.205,1.03285714285714,0.963333333333333,1.415,1.08777777777778,0.775,1.44333333333333,0.865555555555556,0.702857142857143,0.6175
"AT5G03435",0.751428571428571,0.7,0.185714285714286,0.0533333333333333,0.347083333333333,0.266444444444444,0.415,0.353333333333333,0.274444444444444,0.274285714285714,0.18
"AT1G69150",0.711428571428572,0.075,0.31,0.0766666666666667,0.384583333333333,0.205333333333333,0.46,0.613333333333333,0.224444444444444,0.118571428571429,0.1825
"AT3G25510",1.25857142857143,1.125,0.425714285714286,0.323333333333333,1.22666666666667,0.808,0.61,0.823333333333333,0.89,0.968571428571429,0.8275
"AT1G33870",0.492857142857143,0.13,0.0371428571428571,0,0.2825,0.150666666666667,0,0,0,0,0
"AT3G01760",0.872857142857143,0.085,0.444285714285714,0.593333333333333,0.872083333333333,0.482222222222222,0.43,0.68,0.262222222222222,0.29,0.135
"AT3G45660",1.14571428571429,0.91,0.51,0.326666666666667,1.025,0.615111111111111,0.805,1.03333333333333,0.594444444444444,0.594285714285714,0.685
"AT1G09930",0.532857142857143,0.27,0.01,0,0.213333333333333,0.186,0.035,0.04,0.172222222222222,0.142857142857143,0.14
"AT1G61415",1.38428571428571,1.17,0.814285714285714,1.1,1.07208333333333,1.24355555555556,0.7,1.02,0.992222222222222,0.85,0.7625
"AT1G76780",1.22428571428571,0.93,0.518571428571429,0.293333333333333,1.175,1.16777777777778,1.16,0.66,0.624444444444444,0.7,0.72
"AT5G16486",1.02285714285714,0.435,0.651428571428571,0.626666666666667,0.738333333333333,0.683333333333333,0.855,0.693333333333333,0.588888888888889,0.481428571428571,0.59
"AT4G22680",0.92,0.175,0.305714285714286,0.416666666666667,0.692916666666667,0.537333333333333,0.255,0.713333333333333,0.64,0.754285714285714,0.73
"AT3G26616",0.512857142857143,0.185,0.0557142857142857,0,0.186666666666667,0.378444444444444,0.195,0,0.108888888888889,0.14,0.1025
"AT1G21230",0.421428571428571,0,0,0,0.229166666666667,0.123111111111111,0,0,0.0422222222222222,0.0542857142857143,0.095
"AT3G21590",0.457142857142857,0,0.0942857142857143,0.22,0.1475,0.233777777777778,0,0,0.0522222222222222,0.0671428571428571,0.1175
"AT3G45330",0.798571428571429,0.12,0.33,0.346666666666667,0.665416666666667,0.369333333333333,0.32,0.75,0.527777777777778,0.565714285714286,0.48
"AT5G24540",0.4,0.36,0,0,0.0354166666666667,0.0835555555555555,0,0,0.0822222222222222,0.105714285714286,0
"AT3G44840",0.387142857142857,0.025,0.0157142857142857,0,0.17125,0.0913333333333333,0.055,0.156666666666667,0.0455555555555556,0.0585714285714286,0
"AT1G32970",0.471428571428571,0.06,0.144285714285714,0.0133333333333333,0.459166666666667,0.248222222222222,0.185,0.31,0.0788888888888889,0.0157142857142857,0.0275
"AT3G53770",0.341428571428571,0,0.0357142857142857,0,0.10375,0.0553333333333333,0.125,0,0,0,0
"AT4G15360",0.358571428571429,0,0.0185714285714286,0,0.250416666666667,0.133555555555556,0.065,0.0133333333333333,0.00333333333333333,0.00428571428571429,0.0075
"AT4G19925",0.424285714285714,0.055,0.0242857142857143,0,0.157916666666667,0.121777777777778,0.03,0.416666666666667,0.188888888888889,0.242857142857143,0.07
"AT4G18335",0.341428571428571,0,0.0557142857142857,0,0.174583333333333,0.100666666666667,0.15,0.03,0.0233333333333333,0.0171428571428571,0.03
"AT1G10110",0.54,0.405,0.188571428571429,0.15,0.382083333333333,0.404444444444444,0.3,0.09,0.174444444444444,0.185714285714286,0.325
"AT4G03480",0.488571428571429,0.13,0.0614285714285714,0.0266666666666667,0.399166666666667,0.248666666666667,0.085,0.386666666666667,0.281111111111111,0.335714285714286,0.34
"AT4G15075",0.515714285714286,0,0.221428571428571,0,0.504583333333333,0.280888888888889,0.315,0.473333333333333,0.244444444444444,0.182857142857143,0.32
"AT1G72590",0.321428571428571,0,0.00714285714285714,0,0.310833333333333,0.200444444444444,0.025,0,0.0255555555555556,0.0328571428571429,0.0575
"AT4G30120",0.652857142857143,0.145,0.301428571428571,0.426666666666667,0.5725,0.330888888888889,0.285,0.526666666666667,0.426666666666667,0.455714285714286,0.5275
"AT4G38070",0.478571428571429,0.085,0.192857142857143,0.24,0.397916666666667,0.267555555555556,0.18,0.213333333333333,0.192222222222222,0.208571428571429,0.3175
"AT2G14846",0.251428571428571,0,0,0,0.0383333333333333,0.0311111111111111,0,0,0,0,0
"AT5G42053",0.275714285714286,0.19,0,0,0.0116666666666667,0.108888888888889,0,0,0,0,0
"AT3G02100",0.255714285714286,0.02,0,0,0.02875,0.0166666666666667,0,0,0.0155555555555556,0.02,0.035
"AT4G11390",0.361428571428571,0,0.0414285714285714,0,0.23875,0.127333333333333,0.05,0.216666666666667,0.176666666666667,0.2,0.235
"AT3G49744",0.244285714285714,0.12,0,0,0.0754166666666667,0.0533333333333333,0,0,0,0,0
"AT2G39320",0.325714285714286,0.255,0.0585714285714286,0,0.186666666666667,0.133111111111111,0.095,0.0733333333333333,0.128888888888889,0.0728571428571429,0.06
"AT4G15310",0.27,0,0.0914285714285714,0.193333333333333,0.189166666666667,0.0937777777777778,0.03,0,0,0,0
"AT2G45550",0.23,0,0.0357142857142857,0.0633333333333333,0.15375,0.0924444444444444,0.03,0,0.00666666666666667,0.00857142857142857,0.015
"AT2G34123",0.205714285714286,0,0,0,0,0.200888888888889,0,0,0,0,0
"AT3G24540",0.394285714285714,0.025,0.148571428571429,0.216666666666667,0.364166666666667,0.191333333333333,0.18,0.163333333333333,0.2,0.252857142857143,0.3825
"AT3G56380",0.322857142857143,0.07,0.145714285714286,0.0966666666666667,0.294583333333333,0.190888888888889,0.28,0.243333333333333,0.0933333333333333,0,0
"AT1G67635",0.201428571428571,0,0.0185714285714286,0,0.0495833333333333,0.0684444444444444,0.065,0,0.0422222222222222,0.0114285714285714,0
"AT3G29110",0.214285714285714,0.015,0.00571428571428571,0,0.19,0.104444444444444,0.02,0.0133333333333333,0.01,0.0128571428571429,0.0225
"AT4G08039",0.168571428571429,0,0,0,0,0,0,0,0,0,0
"AT5G43120",0.247142857142857,0.07,0.0385714285714286,0.07,0.21625,0.132666666666667,0.03,0.12,0.0588888888888889,0.0757142857142857,0.0225
"AT4G20470",0.25,0.11,0.0928571428571428,0,0.2225,0.232666666666667,0.12,0.136666666666667,0.0455555555555556,0,0
"AT1G61440",0.338571428571429,0.185,0.127142857142857,0.0966666666666667,0.230833333333333,0.251333333333333,0.19,0.193333333333333,0.177777777777778,0.187142857142857,0.2375
"AT4G11340",0.188571428571429,0.03,0.00571428571428571,0,0.0291666666666667,0.026,0,0.0133333333333333,0.0688888888888889,0.0828571428571429,0.145
"AT1G28590",0.274285714285714,0.065,0.02,0.0233333333333333,0.20375,0.112444444444444,0.035,0.243333333333333,0.16,0.205714285714286,0.1775
"AT3G19530",0.171428571428571,0,0.0142857142857143,0,0.153333333333333,0.114444444444444,0.05,0,0,0,0
"AT1G61550",0.421428571428571,0.2,0.265714285714286,0.266666666666667,0.320416666666667,0.247777777777778,0.36,0.346666666666667,0.255555555555556,0.237142857142857,0.3375
"AT5G11180",0.172857142857143,0.01,0.05,0,0.0904166666666667,0.0508888888888889,0.115,0.103333333333333,0.0322222222222222,0.0242857142857143,0.0425
"AT3G30842",0.181428571428571,0.03,0.03,0.0366666666666667,0.115,0.0964444444444444,0.04,0.04,0.06,0.0671428571428571,0.0975
"AT5G03360",0.174285714285714,0,0.0228571428571429,0.0333333333333333,0.136666666666667,0.0724444444444445,0.01,0.1,0.0588888888888889,0.07,0.0575
"AT1G50960",0.182857142857143,0.02,0.0628571428571429,0,0.0833333333333333,0.0608888888888889,0.17,0.13,0.0355555555555556,0.0314285714285714,0.055
"AT4G09780",0.182857142857143,0.04,0.0614285714285714,0.0466666666666667,0.107083333333333,0.0582222222222222,0.08,0.13,0.05,0.0571428571428571,0.0275
"AT2G13422",0.115714285714286,0,0,0,0,0,0,0,0,0,0
"AT3G51171",0.184285714285714,0.04,0.0628571428571429,0.05,0.135833333333333,0.0855555555555556,0.095,0.116666666666667,0.0466666666666667,0.0457142857142857,0.0325
"AT1G10747",0.2,0.085,0.0771428571428571,0.12,0.07875,0.0666666666666667,0.09,0,0.116666666666667,0.15,0.1325
"AT3G50160",0.112857142857143,0,0.00285714285714286,0,0.0504166666666667,0.0268888888888889,0.01,0,0,0,0
"AT5G28410",0.178571428571429,0,0.0657142857142857,0,0.160833333333333,0.170222222222222,0.145,0.0566666666666667,0.0488888888888889,0.0385714285714286,0.0675
"AT2G31690",0.107142857142857,0,0,0,0.0279166666666667,0.0304444444444444,0,0,0,0,0
"AT3G55930",0.142857142857143,0.03,0.0314285714285714,0,0.0795833333333333,0.0748888888888889,0.035,0.05,0.0522222222222222,0.0457142857142857,0.08
"AT1G60380",0.112857142857143,0,0,0,0.04125,0.022,0,0.0833333333333333,0.0277777777777778,0.0357142857142857,0
"AT4G26380",0.162857142857143,0.095,0.0214285714285714,0.01,0.0633333333333333,0.038,0.05,0.1,0.0888888888888889,0.111428571428571,0.145
"AT2G13900",0.13,0.025,0.03,0.0333333333333333,0.119166666666667,0.0646666666666667,0.015,0.0833333333333333,0.0277777777777778,0.0314285714285714,0.0075
"AT4G23882",0.13,0.045,0,0,0.08625,0.0904444444444445,0,0,0.0477777777777778,0.0614285714285714,0.1075
"AT1G04625",0.107142857142857,0.075,0.0128571428571429,0,0.05125,0.0517777777777778,0,0.03,0.01,0,0
"AT1G60880",0.09,0.05,0,0,0.02,0.0106666666666667,0,0,0,0,0
"AT1G20925",0.144285714285714,0.05,0.0885714285714286,0.0933333333333333,0.0825,0.0735555555555556,0.09,0.113333333333333,0.0233333333333333,0.00714285714285714,0.0125
"AT3G63040",0.08,0,0,0,0.01125,0.0131111111111111,0,0,0,0,0
"AT3G52830",0.0871428571428571,0,0,0,0.04625,0.0586666666666667,0,0,0,0,0
"AT1G71235",0.0742857142857143,0,0,0,0.0275,0.0202222222222222,0,0,0,0,0
"AT3G14670",0.121428571428571,0.115,0.0842857142857143,0.12,0.09875,0.0966666666666667,0,0,0.01,0.0128571428571429,0.0225
"AT1G51810",0.0671428571428571,0,0,0,0.0170833333333333,0.01,0,0,0,0,0
"AT1G51900",0.0657142857142857,0.01,0,0,0.0125,0.00977777777777778,0,0,0.00555555555555556,0.00714285714285714,0.0125
"AT3G15870",0.0885714285714286,0.035,0.0128571428571429,0,0.0429166666666667,0.0795555555555556,0.045,0,0.0155555555555556,0.02,0.035
"AT4G33290",0.09,0.075,0.0228571428571429,0.0266666666666667,0.0166666666666667,0.0177777777777778,0.04,0.06,0.0222222222222222,0.0285714285714286,0.005
"AT1G19390",0.0971428571428572,0,0.0214285714285714,0,0.07625,0.06,0.04,0.05,0.0388888888888889,0.04,0.07
"AT2G13640",0.07,0.065,0,0,0.0308333333333333,0.0326666666666667,0,0,0,0,0
"AT1G14048",0.0557142857142857,0,0,0,0,0,0,0,0,0,0
"AT1G78840",0.131428571428571,0.115,0.0271428571428571,0,0.117083333333333,0.0773333333333333,0.095,0.106666666666667,0.0611111111111111,0.0785714285714286,0.0825
"AT2G17680",0.0728571428571429,0,0.02,0,0.0491666666666667,0.0331111111111111,0.025,0.0466666666666667,0.0122222222222222,0.00285714285714286,0.005
"AT2G27280",0.0942857142857143,0.075,0.0314285714285714,0,0.0675,0.0764444444444444,0.06,0.0933333333333333,0.04,0.0371428571428571,0.02
"AT5G19710",0.0428571428571429,0,0,0,0.0129166666666667,0.00688888888888889,0,0,0,0,0
"AT1G61475",0.0571428571428571,0,0.0157142857142857,0,0.0283333333333333,0.0215555555555556,0.055,0,0.0522222222222222,0,0
"AT2G03610",0.0528571428571429,0.045,0,0,0.01125,0.00955555555555556,0,0,0.0155555555555556,0.02,0.035
"AT1G64070",0.0471428571428571,0.03,0,0,0.00666666666666667,0.0211111111111111,0,0,0.0122222222222222,0.00571428571428571,0.005
"AT5G43695",0.04,0,0,0,0.01625,0.00866666666666667,0,0,0,0,0
"AT5G43211",0.0371428571428571,0,0,0,0,0,0,0,0,0,0
"AT1G07476",0.0457142857142857,0.04,0,0,0.0195833333333333,0.032,0,0,0,0,0
"AT4G28620",0.0428571428571429,0,0.00714285714285714,0,0.0175,0.0111111111111111,0.025,0.01,0,0,0
"AT3G19070",0.0357142857142857,0,0,0,0.00583333333333333,0.0111111111111111,0,0,0,0,0
"AT3G28360",0.06,0.04,0.0114285714285714,0.0166666666666667,0.0308333333333333,0.0208888888888889,0.015,0.0166666666666667,0.0266666666666667,0.0342857142857143,0.0475
"AT1G70960",0.0414285714285714,0.025,0.00714285714285714,0,0.015,0.008,0.025,0,0,0,0
"AT2G26130",0.0442857142857143,0,0.0171428571428571,0.0266666666666667,0.0275,0.0195555555555556,0.02,0,0,0,0
"AT1G26799",0.0328571428571429,0,0,0,0,0,0,0,0,0,0
"AT1G20600",0.0342857142857143,0,0,0,0.00625,0.00822222222222222,0,0,0,0,0
"AT1G53550",0.0357142857142857,0.02,0,0,0.00541666666666667,0.004,0,0,0,0,0
"AT2G15500",0.0314285714285714,0,0,0,0.0125,0.00666666666666667,0,0,0,0,0
"AT1G31163",0.03,0,0,0,0.00208333333333333,0.00533333333333333,0,0,0,0,0
"AT2G14830",0.03,0.02,0,0,0,0.00577777777777778,0,0,0,0,0
"AT3G50580",0.0357142857142857,0,0,0,0.0208333333333333,0.0288888888888889,0,0,0.0111111111111111,0.0142857142857143,0.025
"AT3G14490",0.0428571428571429,0,0.00857142857142857,0,0.04,0.032,0.03,0,0.0155555555555556,0.02,0.035
"AT2G02320",0.0342857142857143,0,0,0,0.0220833333333333,0.0253333333333333,0,0,0.0222222222222222,0.0285714285714286,0
"AT2G17310",0.0242857142857143,0,0,0,0,0,0,0,0,0,0
"AT3G44210",0.0271428571428571,0,0,0,0.025,0.0266666666666667,0,0,0,0,0
"AT1G43260",0.0271428571428571,0,0,0,0.0158333333333333,0.0246666666666667,0,0,0.00666666666666667,0.00857142857142857,0.015
"AT2G10550",0.02,0,0,0,0,0,0,0,0,0,0
"AT2G13980",0.02,0,0,0,0,0,0,0,0,0,0
"AT5G07050",0.0271428571428571,0.02,0,0,0.02125,0.0113333333333333,0,0,0.00666666666666667,0.00857142857142857,0.015
"AT5G22170",0.0185714285714286,0,0,0,0,0,0,0,0,0,0
"AT2G28220",0.0185714285714286,0,0,0,0.00583333333333333,0.00444444444444444,0,0,0,0,0
"AT2G12875",0.0157142857142857,0,0,0,0,0,0,0,0,0,0
"AT3G44180",0.0157142857142857,0,0,0,0,0,0,0,0,0,0
"AT3G50990",0.0285714285714286,0,0.00714285714285714,0,0.0225,0.018,0,0.0166666666666667,0.0255555555555556,0.0257142857142857,0.015
"AT4G35150",0.0157142857142857,0,0,0,0.00166666666666667,0.00177777777777778,0,0,0,0,0
"AT3G43630",0.0157142857142857,0,0,0,0.01,0.00533333333333333,0,0,0,0,0
"AT1G47497",0.0142857142857143,0,0,0,0.00458333333333333,0.00911111111111111,0,0,0,0,0
"AT5G28090",0.0142857142857143,0,0,0,0.00791666666666667,0.0104444444444444,0,0,0,0,0
"AT3G14970",0.0128571428571429,0,0,0,0,0.00577777777777778,0,0,0,0,0
"AT1G11620",0.0142857142857143,0,0,0,0.0116666666666667,0.00911111111111111,0,0,0,0,0
"AT1G71320",0.0128571428571429,0,0,0,0.00291666666666667,0.00422222222222222,0,0,0,0,0
"AT3G10595",0.0128571428571429,0,0,0,0,0.00911111111111111,0,0,0,0,0
"AT1G53023",0.0157142857142857,0,0,0,0.005,0.00266666666666667,0,0,0.00666666666666667,0.00857142857142857,0.015
"AT1G65210",0.0114285714285714,0,0,0,0,0,0,0,0,0,0
"AT2G28030",0.0128571428571429,0,0,0,0.00875,0.00622222222222222,0,0,0,0,0
"AT4G10740",0.0114285714285714,0,0,0,0.00166666666666667,0.000888888888888889,0,0,0,0,0
"AT2G19230",0.0128571428571429,0,0.00285714285714286,0,0.00333333333333333,0.00177777777777778,0,0.00666666666666667,0.00222222222222222,0,0
"AT3G30280",0.0114285714285714,0,0,0,0.000833333333333333,0.000888888888888889,0,0,0.00222222222222222,0.00285714285714286,0.005
"AT1G29870",0.01,0,0,0,0.00125,0.000666666666666667,0,0,0,0,0
"AT4G02190",0.01,0,0,0,0.00125,0.000666666666666667,0,0,0,0,0
"AT1G32010",0.01,0,0,0,0,0.00577777777777778,0,0,0,0,0
"AT3G30160",0.01,0,0,0,0.00708333333333333,0.00377777777777778,0,0,0,0,0
"AT3G23420",0.01,0,0,0,0.00666666666666667,0.00488888888888889,0,0,0,0,0
"AT2G24670",0.00857142857142857,0,0,0,0,0.00111111111111111,0,0,0,0,0
"AT5G43360",0.00857142857142857,0,0,0,0.00125,0.000666666666666667,0,0,0,0,0
"AT5G11220",0.00857142857142857,0,0,0,0.0025,0.00133333333333333,0,0,0,0,0
"AT2G14500",0.00714285714285714,0,0,0,0,0,0,0,0,0,0
"AT3G17265",0.00714285714285714,0,0,0,0,0,0,0,0,0,0
"AT5G37560",0.00571428571428571,0,0,0,0,0,0,0,0,0,0
"AT4G10613",0.00571428571428571,0,0,0,0,0.000666666666666667,0,0,0,0,0
"AT5G40120",0.00571428571428571,0,0,0,0,0.002,0,0,0,0,0
"AT3G59180",0.00571428571428571,0,0,0,0,0.00288888888888889,0,0,0,0,0
"AT4G32380",0.00571428571428571,0,0,0,0.00458333333333333,0.00511111111111111,0,0,0,0,0
"AT5G31412",0.00571428571428571,0,0,0,0.000833333333333333,0.000444444444444444,0,0,0.00222222222222222,0.00285714285714286,0.005
"AT1G37020",0.00428571428571429,0,0,0,0,0,0,0,0,0,0
"AT3G31950",0.00428571428571429,0,0,0,0,0,0,0,0,0,0
"AT1G34410",0.00428571428571429,0,0,0,0,0.000444444444444444,0,0,0,0,0
"AT1G34390",0.00428571428571429,0,0,0,0,0.00222222222222222,0,0,0,0,0
"AT1G33020",0.00428571428571429,0,0,0,0.000833333333333333,0.00311111111111111,0,0,0,0,0
